asin,date,forecast,lower_10,upper_90
B00000001,2026-01-31,58.29734992980957,46.63787841796875,64.51573181152344
B00000001,2026-02-01,56.35410690307617,50.52436828613281,74.03763198852539
B00000001,2026-02-02,59.268972396850586,46.054905319213866,79.67304229736328
B00000001,2026-02-03,59.26897048950195,44.500312423706056,72.48303604125978
B00000001,2026-02-04,52.46761703491211,47.609504318237306,72.87168502807619
B00000001,2026-02-05,59.26897048950195,40.613822555541994,80.2560157775879
B00000001,2026-02-06,60.24059295654297,46.63787841796875,68.4022216796875
B00000001,2026-02-07,60.24059295654297,51.6903190612793,76.17520141601562
B00000001,2026-02-08,64.12708282470703,45.66625633239746,80.45034027099611
B00000001,2026-02-09,53.43923759460449,40.22517356872559,77.34114761352541
B00000001,2026-02-10,60.24059295654297,48.19247817993164,74.03763198852539
B00000001,2026-02-11,61.212215423583984,42.75138854980469,72.28871154785156
B00000001,2026-02-12,55.38248252868652,46.249229431152344,64.71005630493165
B00000001,2026-02-13,61.212215423583984,52.27329216003418,81.81061172485352
B00000001,2026-02-14,64.12708282470703,50.135719299316406,76.17520141601562
B00000001,2026-02-15,62.183837890625,49.7470703125,75.98087692260742
B00000001,2026-02-16,59.26897048950195,48.58112716674805,85.69710159301758
B00000001,2026-02-17,60.24059295654297,48.38680229187012,72.09438705444336
B00000001,2026-02-18,58.29734802246094,46.63787841796875,78.11844635009766
B00000001,2026-02-19,66.07032775878906,48.58112716674805,79.67304229736328
B00000001,2026-02-20,55.38248252868652,43.528690338134766,87.64034652709961
B00000001,2026-02-21,61.212215423583984,52.46761703491211,82.19926071166994
B00000001,2026-02-22,62.183837890625,50.52436828613281,74.03763198852539
B00000001,2026-02-23,64.12708282470703,50.52436828613281,75.98087692260742
B00000001,2026-02-24,67.04195022583008,48.38680229187012,72.09438705444336
B00000001,2026-02-25,61.212215423583984,46.249229431152344,77.92412185668945
B00000001,2026-02-26,61.212215423583984,42.55706443786621,79.86736679077148
B00000001,2026-02-27,57.325727462768555,50.330044174194335,70.34546661376953
B00000002,2026-01-31,53.56869316101074,47.61661911010742,61.22136688232422
B00000002,2026-02-01,52.7183952331543,47.61661911010742,59.690834045410156
B00000002,2026-02-02,51.01780319213867,40.64418411254883,57.990238571167
B00000002,2026-02-03,56.11958312988281,42.344779586791994,60.03095245361329
B00000002,2026-02-04,51.868099212646484,47.44655990600586,66.32315063476562
B00000002,2026-02-05,52.7183952331543,44.215431213378906,73.29557800292969
B00000002,2026-02-06,55.269287109375,48.97709274291992,66.66326904296875
B00000002,2026-02-07,57.8201789855957,45.40584869384766,69.72433471679688
B00000002,2026-02-08,57.8201789855957,43.875312423706056,63.092018127441406
B00000002,2026-02-09,52.71839714050293,43.875312423706056,69.89439392089844
B00000002,2026-02-10,51.01780319213867,42.344779586791994,64.96267013549806
B00000002,2026-02-11,52.71839714050293,42.51483917236328,65.13272933959962
B00000002,2026-02-12,62.07166290283203,47.61661911010742,75.16622924804688
B00000002,2026-02-13,56.96988105773926,49.147151947021484,73.29557800292969
B00000002,2026-02-14,52.7183952331543,47.44655990600586,66.49320983886719
B00000002,2026-02-15,58.67047691345215,42.51483917236328,70.064453125
B00000002,2026-02-16,48.466915130615234,42.51483917236328,74.82611083984375
B00000002,2026-02-17,57.8201789855957,42.17472038269043,71.76504516601562
B00000002,2026-02-18,52.7183952331543,42.51483917236328,63.092018127441406
B00000002,2026-02-19,56.96988296508789,40.64418411254883,68.87403869628908
B00000002,2026-02-20,49.31721115112305,42.344779586791994,64.96267013549806
B00000002,2026-02-21,58.67047691345215,35.372344970703125,77.03688125610353
B00000002,2026-02-22,55.269287109375,47.61661911010742,73.29557800292969
B00000002,2026-02-23,51.868099212646484,35.032226181030275,67.00338745117189
B00000002,2026-02-24,56.119585037231445,45.74596748352051,68.36386108398438
B00000002,2026-02-25,51.01780319213867,40.47412452697754,78.227294921875
B00000002,2026-02-26,55.269287109375,42.51483917236328,65.30278854370118
B00000002,2026-02-27,52.7183952331543,33.671752548217775,77.20694046020509
B00000003,2026-01-31,71.84971618652344,56.240987396240236,79.53020477294922
B00000003,2026-02-01,66.89456939697266,61.939414978027344,82.50329055786133
B00000003,2026-02-02,73.08850479125977,58.966318893432614,90.92705307006838
B00000003,2026-02-03,68.13335418701172,64.16922760009766,79.53020477294922
B00000003,2026-02-04,76.80487060546875,56.98426055908203,89.1927490234375
B00000003,2026-02-05,80.52123260498047,66.39905395507813,96.62548065185547
B00000003,2026-02-06,76.80487060546875,56.98426055908203,91.67032623291016
B00000003,2026-02-07,70.61092758178711,56.73650283813477,89.1927490234375
B00000003,2026-02-08,75.56608200073242,56.73650283813477,86.71517944335938
B00000003,2026-02-09,76.80487060546875,59.214076614379884,99.35081558227539
B00000003,2026-02-10,74.3272933959961,61.939414978027344,99.59857254028321
B00000003,2026-02-11,75.56608200073242,58.71856117248535,86.71517868041995
B00000003,2026-02-12,74.3272933959961,59.214076614379884,92.1658416748047
B00000003,2026-02-13,74.3272933959961,64.41698455810547,99.59857254028321
B00000003,2026-02-14,74.3272933959961,59.214076614379884,97.12099609375001
B00000003,2026-02-15,74.3272933959961,60.948384094238286,90.18377990722658
B00000003,2026-02-16,78.04365921020508,66.39905395507813,99.59857254028321
B00000003,2026-02-17,75.56608200073242,59.214076614379884,94.89117660522462
B00000003,2026-02-18,76.80487060546875,63.92146949768066,99.10305786132812
B00000003,2026-02-19,76.80487060546875,59.46183395385742,94.64341888427735
B00000003,2026-02-20,81.76001739501953,61.939414978027344,92.41359939575196
B00000003,2026-02-21,75.56608200073242,61.44389953613281,99.59857254028321
B00000003,2026-02-22,76.80487060546875,61.69165687561035,94.89117660522462
B00000003,2026-02-23,73.08850479125977,61.69165687561035,104.5537208557129
B00000003,2026-02-24,79.2824478149414,63.92146949768066,96.87323837280273
B00000003,2026-02-25,85.47639083862305,63.92146949768066,94.64341888427735
B00000003,2026-02-26,73.08850479125977,63.92146949768066,91.67032623291016
B00000003,2026-02-27,73.08850479125977,66.64681091308594,97.36875305175782
B00000007,2026-01-31,58.48278045654297,46.97488174438477,69.99067916870118
B00000007,2026-02-01,58.4827823638916,49.05007553100586,72.82049331665041
B00000007,2026-02-02,53.76642990112305,45.08833885192871,62.6331714630127
B00000007,2026-02-03,52.82316017150879,44.71103057861328,73.95241928100586
B00000007,2026-02-04,56.59624099731445,42.447182464599614,72.25453033447266
B00000007,2026-02-05,62.255863189697266,48.67276725769043,71.68856811523438
B00000007,2026-02-06,62.255863189697266,50.55931053161621,69.99067916870118
B00000007,2026-02-07,62.255863189697266,46.97488174438477,66.21760025024415
B00000007,2026-02-08,58.48278045654297,44.71103057861328,72.63183898925783
B00000007,2026-02-09,57.53951072692871,41.315256118774414,73.76376571655274
B00000007,2026-02-10,61.31259346008301,45.08833885192871,83.0078178405762
B00000007,2026-02-11,55.652971267700195,44.899684524536134,79.61204223632814
B00000007,2026-02-12,56.59624099731445,40.56063957214356,70.36798782348633
B00000007,2026-02-13,56.59624099731445,50.55931053161621,74.32972793579103
B00000007,2026-02-14,69.8020248413086,52.634504318237305,76.40492477416994
B00000007,2026-02-15,63.19913291931152,50.93661880493164,73.76376571655274
B00000007,2026-02-16,57.53951072692871,45.08833885192871,70.55664138793946
B00000007,2026-02-17,60.36932182312012,40.37198543548584,73.76376571655274
B00000007,2026-02-18,60.36932373046875,52.634504318237305,69.99067916870118
B00000007,2026-02-19,60.36932373046875,43.01314506530762,70.17933349609376
B00000007,2026-02-20,60.36932373046875,40.937947845458986,73.95241928100586
B00000007,2026-02-21,58.48278045654297,37.54217338562012,77.91415328979492
B00000007,2026-02-22,58.4827823638916,50.55931053161621,70.93395004272463
B00000007,2026-02-23,67.91548538208008,40.37198543548584,79.23473358154297
B00000007,2026-02-24,66.02894592285156,50.93661880493164,84.89435577392578
B00000007,2026-02-25,66.97221755981445,52.0685417175293,77.34819030761719
B00000007,2026-02-26,66.97221755981445,54.52104721069336,79.80069580078126
B00000007,2026-02-27,60.36932182312012,33.95774459838867,77.53684463500977
B00000009,2026-01-31,77.9635009765625,61.83312225341797,94.63155899047852
B00000009,2026-02-01,81.99609375,58.607046127319336,96.78227233886719
B00000009,2026-02-02,75.27510070800781,56.456329345703125,97.05111236572266
B00000009,2026-02-03,75.27510070800781,61.83312225341797,97.31995162963868
B00000009,2026-02-04,79.30769729614258,75.00626144409179,96.78227233886719
B00000009,2026-02-05,86.0286865234375,67.20991516113281,97.05111236572266
B00000009,2026-02-06,83.34029388427734,64.52151489257812,96.78227233886719
B00000009,2026-02-07,83.34029388427734,63.983835983276364,98.12647094726564
B00000009,2026-02-08,81.99609375,69.89830780029297,102.4279052734375
B00000009,2026-02-09,80.65189361572266,63.983835983276364,91.40547943115234
B00000009,2026-02-10,81.99609375,69.36062850952149,91.67431945800782
B00000009,2026-02-11,75.27510070800781,64.2526756286621,94.36271896362305
B00000009,2026-02-12,81.99609375,61.29544296264648,94.09387969970703
B00000009,2026-02-13,77.9635009765625,67.20991516113281,99.7395118713379
B00000009,2026-02-14,77.9635009765625,69.62946853637695,94.09387969970703
B00000009,2026-02-15,83.34029006958008,64.2526756286621,105.65398406982423
B00000009,2026-02-16,80.65189361572266,66.94107513427734,88.98592605590821
B00000009,2026-02-17,76.61930084228516,66.67223587036133,92.48083801269533
B00000009,2026-02-18,90.06128311157227,64.2526756286621,99.7395118713379
B00000009,2026-02-19,77.9635009765625,61.29543952941895,102.965584564209
B00000009,2026-02-20,81.99609375,60.757763671875004,102.4279052734375
B00000009,2026-02-21,88.71708297729492,66.94107513427734,97.31995162963868
B00000009,2026-02-22,72.58670806884766,60.757763671875004,91.40547943115234
B00000009,2026-02-23,75.27510070800781,61.83312225341797,94.63155899047852
B00000009,2026-02-24,77.96349716186523,64.2526756286621,97.85763092041017
B00000009,2026-02-25,81.99609375,61.56428260803223,105.38514480590821
B00000009,2026-02-26,79.30769729614258,61.56428260803223,121.51552276611329
B00000009,2026-02-27,86.0286865234375,58.87588615417481,94.63155899047852
B00000010,2026-01-31,103.89557647705078,86.98233795166016,140.13821411132812
B00000010,2026-02-01,106.31175231933594,81.66675872802735,130.4735107421875
B00000010,2026-02-02,115.97645568847656,84.0829273223877,140.13821411132812
B00000010,2026-02-03,120.8088150024414,91.33146133422852,135.78909759521486
B00000010,2026-02-04,111.14410400390625,86.49910354614258,121.29204940795898
B00000010,2026-02-05,111.14410400390625,81.18352355957032,145.93703613281252
B00000010,2026-02-06,101.47940063476562,72.48529052734375,126.12439422607423
B00000010,2026-02-07,111.14410400390625,72.00205535888672,141.1046844482422
B00000010,2026-02-08,106.31175231933594,77.31764221191406,141.58791961669925
B00000010,2026-02-09,111.14410400390625,72.48529052734375,136.2723327636719
B00000010,2026-02-10,111.14410400390625,85.53263320922852,144.97056579589844
B00000010,2026-02-11,108.7279281616211,84.56616249084473,159.95085601806642
B00000010,2026-02-12,111.14410400390625,72.00205535888672,151.25262298583988
B00000010,2026-02-13,115.97645568847656,81.66675872802735,169.6155731201172
B00000010,2026-02-14,94.23087310791016,76.83440704345703,135.3058624267578
B00000010,2026-02-15,108.7279281616211,72.00205535888672,150.76938781738284
B00000010,2026-02-16,106.31175231933594,85.0493980407715,155.1185043334961
B00000010,2026-02-17,101.47940063476562,72.48529052734375,131.92321624755863
B00000010,2026-02-18,115.97645568847656,70.5523494720459,136.75556793212894
B00000010,2026-02-19,101.47940063476562,72.00205535888672,151.25262298583988
B00000010,2026-02-20,106.31175231933594,72.48529052734375,125.64115905761719
B00000010,2026-02-21,108.7279281616211,79.7338176727295,136.2723327636719
B00000010,2026-02-22,96.64704895019531,72.00205535888672,145.93703613281252
B00000010,2026-02-23,106.31175231933594,76.83440704345703,144.97056579589844
B00000010,2026-02-24,108.7279281616211,90.36499176025391,135.78909759521486
B00000010,2026-02-25,103.89557647705078,86.49910354614258,131.43998107910159
B00000010,2026-02-26,113.5602798461914,86.01586837768555,135.78909759521486
B00000010,2026-02-27,106.31175231933594,75.86793632507325,140.62144927978517
B00000011,2026-01-31,78.71781539916992,64.6028938293457,135.72036819458023
B00000011,2026-02-01,89.57544326782227,70.57459259033203,177.52223205566412
B00000011,2026-02-02,89.57544326782227,59.71696472167969,124.31984710693366
B00000011,2026-02-03,84.1466293334961,64.6028938293457,163.95019989013682
B00000011,2026-02-04,84.1466293334961,64.6028938293457,122.69120330810551
B00000011,2026-02-05,86.86103820800781,70.03171081542969,142.77781524658207
B00000011,2026-02-06,78.71781539916992,65.1457748413086,99.89018402099613
B00000011,2026-02-07,81.43222045898438,64.6028938293457,98.80442123413087
B00000011,2026-02-08,86.86103820800781,69.4888298034668,114.54798507690431
B00000011,2026-02-09,89.57544326782227,64.06001243591308,142.77781524658207
B00000011,2026-02-10,86.86103820800781,70.03171081542969,119.43391799926765
B00000011,2026-02-11,78.71781539916992,65.1457748413086,110.20493164062502
B00000011,2026-02-12,78.71781539916992,48.85933303833008,109.11916809082032
B00000011,2026-02-13,81.43222045898438,65.1457748413086,109.11916809082032
B00000011,2026-02-14,81.43222045898438,64.6028938293457,95.00425491333012
B00000011,2026-02-15,84.1466293334961,65.1457748413086,105.31900253295902
B00000011,2026-02-16,84.1466293334961,65.1457748413086,109.11916809082032
B00000011,2026-02-17,81.43222045898438,64.6028938293457,122.14832153320316
B00000011,2026-02-18,84.1466293334961,65.1457748413086,111.29069442749028
B00000011,2026-02-19,81.43222045898438,64.06001243591308,105.86188354492191
B00000011,2026-02-20,81.43222045898438,64.6028938293457,93.91849670410166
B00000011,2026-02-21,84.1466293334961,65.1457748413086,111.29069442749028
B00000011,2026-02-22,81.43222045898438,64.6028938293457,159.06426696777345
B00000011,2026-02-23,78.71781539916992,59.17408332824707,152.00680541992188
B00000011,2026-02-24,76.00341033935547,53.745269012451175,115.0908676147461
B00000011,2026-02-25,86.86103820800781,69.4888298034668,115.63374862670901
B00000011,2026-02-26,84.1466293334961,69.4888298034668,109.66204910278321
B00000011,2026-02-27,81.43222045898438,59.71696472167969,119.97679672241212
B00000012,2026-01-31,86.01380157470703,69.34862899780273,103.75414657592776
B00000012,2026-02-01,96.7655258178711,74.18690490722656,115.04345703125003
B00000012,2026-02-02,86.01380157470703,75.26207733154297,108.05483627319337
B00000012,2026-02-03,86.01380157470703,69.34862899780273,118.80656051635744
B00000012,2026-02-04,96.7655258178711,74.18690490722656,125.79518127441409
B00000012,2026-02-05,102.14138793945312,80.1003532409668,135.47173309326175
B00000012,2026-02-06,91.38966369628906,63.4351806640625,132.24620819091803
B00000012,2026-02-07,91.38966369628906,53.22104263305664,136.54690551757815
B00000012,2026-02-08,94.07759475708008,69.34862899780273,138.697250366211
B00000012,2026-02-09,107.51725006103516,74.72449111938477,151.06172637939454
B00000012,2026-02-10,94.07759475708008,64.5103530883789,131.1710357666016
B00000012,2026-02-11,96.7655258178711,80.1003532409668,130.63345031738282
B00000012,2026-02-12,96.7655258178711,64.5103530883789,167.18931884765627
B00000012,2026-02-13,91.38966369628906,69.88621520996094,117.19380187988287
B00000012,2026-02-14,94.07759475708008,74.72449111938477,131.70862274169926
B00000012,2026-02-15,86.01380157470703,63.4351806640625,113.4306983947754
B00000012,2026-02-16,96.7655258178711,80.1003532409668,136.54690551757815
B00000012,2026-02-17,86.01380157470703,69.88621520996094,113.96828460693361
B00000012,2026-02-18,86.01380157470703,69.34862899780273,131.1710357666016
B00000012,2026-02-19,83.32587051391602,69.34862899780273,117.19380187988287
B00000012,2026-02-20,91.38966369628906,69.34862899780273,131.1710357666016
B00000012,2026-02-21,91.38966369628906,69.88621520996094,121.49449081420903
B00000012,2026-02-22,88.70173263549805,69.34862899780273,108.05483627319337
B00000012,2026-02-23,96.7655258178711,69.34862899780273,134.3965606689453
B00000012,2026-02-24,91.38966369628906,69.88621520996094,152.13689880371095
B00000012,2026-02-25,96.7655258178711,80.1003532409668,155.90000915527344
B00000012,2026-02-26,86.01380157470703,74.18690490722656,129.55827789306642
B00000012,2026-02-27,96.7655258178711,85.47621536254883,153.74965820312505
B00000015,2026-01-31,81.59954833984375,72.27388572692871,107.91123962402345
B00000015,2026-02-01,98.25252151489258,73.27306365966797,110.57571105957032
B00000015,2026-02-02,89.92603302001953,62.61516571044922,114.23936691284182
B00000015,2026-02-03,88.26073455810547,66.61187744140625,124.23115005493166
B00000015,2026-02-04,86.5954360961914,64.94658088684082,120.56749343872072
B00000015,2026-02-05,86.5954360961914,56.62009811401367,106.91206130981446
B00000015,2026-02-06,83.26484680175781,55.9539794921875,111.24182968139651
B00000015,2026-02-07,86.5954360961914,62.28210639953613,110.2426513671875
B00000015,2026-02-08,98.25252151489258,56.287038803100586,119.90137481689453
B00000015,2026-02-09,81.59954833984375,59.28456916809082,113.906307220459
B00000015,2026-02-10,86.5954360961914,59.617628479003905,103.58146514892579
B00000015,2026-02-11,88.26073455810547,52.623386001586915,107.5781806945801
B00000015,2026-02-12,84.93014144897461,69.27635536193847,106.91206130981446
B00000015,2026-02-13,89.92603302001953,59.617628479003905,117.9030227661133
B00000015,2026-02-14,89.92603302001953,56.62009811401367,107.5781806945801
B00000015,2026-02-15,84.93014144897461,62.94822463989258,106.5790023803711
B00000015,2026-02-16,84.93014144897461,53.28950500488281,110.90876998901369
B00000015,2026-02-17,93.25662994384766,70.27552947998048,126.89562072753907
B00000015,2026-02-18,94.92192840576172,64.61352119445802,120.23443450927735
B00000015,2026-02-19,89.92603302001953,66.61187744140625,108.91041793823246
B00000015,2026-02-20,79.93424987792969,53.28950500488281,130.2262176513672
B00000015,2026-02-21,96.58722686767578,61.94904708862305,109.90959167480469
B00000015,2026-02-22,89.92603302001953,56.287038803100586,126.89562072753907
B00000015,2026-02-23,89.92603302001953,41.965484428405766,123.56503067016602
B00000015,2026-02-24,94.92192840576172,55.62091979980469,117.56996307373048
B00000015,2026-02-25,93.25662994384766,76.27060089111328,106.91206130981446
B00000015,2026-02-26,88.26073455810547,72.94000473022462,116.57078552246094
B00000015,2026-02-27,91.5913314819336,69.94247436523438,137.55351562500002
B00000016,2026-01-31,61.88299560546875,47.44363288879395,79.07271575927734
B00000016,2026-02-01,65.32093811035156,51.22537002563477,79.41651000976563
B00000016,2026-02-02,63.601966857910156,47.44363288879395,79.41651000976563
B00000016,2026-02-03,58.44505310058594,47.78742713928223,75.97856750488282
B00000016,2026-02-04,65.32093811035156,51.56916427612305,86.97999114990236
B00000016,2026-02-05,63.601966857910156,44.349481201171876,72.88441925048829
B00000016,2026-02-06,65.32093811035156,37.12980136871338,72.19683074951172
B00000016,2026-02-07,58.44505310058594,44.693275451660156,85.9486083984375
B00000016,2026-02-08,60.164024353027344,44.0056869506836,72.88441925048829
B00000016,2026-02-09,56.72608184814453,37.81739044189453,79.41651000976563
B00000016,2026-02-10,60.164024353027344,44.0056869506836,69.4464698791504
B00000016,2026-02-11,61.88299560546875,40.911538696289064,82.8544532775879
B00000016,2026-02-12,67.03990936279297,44.0056869506836,82.51065826416016
B00000016,2026-02-13,58.44505310058594,44.349481201171876,75.97856750488282
B00000016,2026-02-14,56.72608184814453,40.22394962310791,75.97856750488282
B00000016,2026-02-15,61.88299560546875,44.349481201171876,79.41651000976563
B00000016,2026-02-16,58.44505310058594,47.78742713928223,69.4464698791504
B00000016,2026-02-17,60.164024353027344,44.693275451660156,72.88441925048829
B00000016,2026-02-18,58.44505310058594,40.911538696289064,76.3223617553711
B00000016,2026-02-19,53.288137435913086,47.09983863830566,76.3223617553711
B00000016,2026-02-20,55.00710868835449,37.81739044189453,69.4464698791504
B00000016,2026-02-21,58.44505310058594,44.693275451660156,86.29240188598634
B00000016,2026-02-22,63.601966857910156,51.22537002563477,93.16828765869141
B00000016,2026-02-23,65.32093811035156,44.0056869506836,80.79168777465823
B00000016,2026-02-24,63.601966857910156,51.56916427612305,72.88441925048829
B00000016,2026-02-25,61.88299560546875,44.349481201171876,89.73033828735352
B00000016,2026-02-26,67.03990936279297,47.44363288879395,79.41651000976563
B00000016,2026-02-27,60.164024353027344,44.0056869506836,70.13405838012697
B00000019,2026-01-31,60.79070281982422,44.21142578125,80.96216583251955
B00000019,2026-02-01,58.02749252319336,51.94842185974121,80.68584442138673
B00000019,2026-02-02,60.79070281982422,46.69831848144531,86.21227188110352
B00000019,2026-02-03,66.31713104248047,44.21142578125,77.92263031005861
B00000019,2026-02-04,58.02749252319336,49.4615291595459,72.11988067626953
B00000019,2026-02-05,53.88267135620117,46.69831848144531,72.94884490966798
B00000019,2026-02-06,55.264278411865234,43.93510437011719,72.11988067626953
B00000019,2026-02-07,53.88267135620117,43.93510437011719,66.59345245361328
B00000019,2026-02-08,56.6458854675293,40.61924743652344,77.92263031005861
B00000019,2026-02-09,59.40909767150879,46.69831848144531,75.71205902099611
B00000019,2026-02-10,59.40909767150879,49.737850189208984,69.0803451538086
B00000019,2026-02-11,62.172311782836914,44.21142578125,88.42284393310547
B00000019,2026-02-12,64.93552589416504,54.98795700073242,74.60677337646484
B00000019,2026-02-13,67.69873809814453,54.71163558959961,77.36998748779297
B00000019,2026-02-14,62.172311782836914,46.69831848144531,74.60677337646484
B00000019,2026-02-15,62.172311782836914,46.69831848144531,72.39620208740236
B00000019,2026-02-16,64.93552589416504,55.264278411865234,85.65962982177734
B00000019,2026-02-17,59.40909767150879,48.90888633728027,74.88309478759766
B00000019,2026-02-18,60.79070281982422,46.69831848144531,69.3566665649414
B00000019,2026-02-19,59.40909767150879,46.974639892578125,72.39620208740236
B00000019,2026-02-20,55.264278411865234,40.89556884765625,63.8302417755127
B00000019,2026-02-21,66.31713104248047,46.4219970703125,77.92263031005861
B00000019,2026-02-22,64.9355239868164,38.40867614746094,85.65962982177734
B00000019,2026-02-23,62.172311782836914,46.69831848144531,83.44905853271486
B00000019,2026-02-24,58.02749252319336,52.2247428894043,75.15941619873048
B00000019,2026-02-25,58.02749061584473,40.89556884765625,79.02791595458987
B00000019,2026-02-26,58.02749252319336,46.974639892578125,77.36998748779297
B00000019,2026-02-27,60.79070281982422,46.974639892578125,76.26470108032228
B00000022,2026-01-31,81.94423294067383,56.29212989807129,100.47075195312502
B00000022,2026-02-01,64.1302719116211,49.16654586791992,101.18331069946291
B00000022,2026-02-02,85.50702667236328,70.54329376220703,108.30889129638673
B00000022,2026-02-03,74.81864547729492,42.753517150878906,115.43447799682619
B00000022,2026-02-04,78.38143920898438,55.5795711517334,100.47075195312502
B00000022,2026-02-05,64.1302719116211,48.453987503051756,93.34516525268556
B00000022,2026-02-06,81.94423294067383,42.04095878601074,106.88377380371094
B00000022,2026-02-07,78.38143920898438,49.87910461425781,99.75819396972656
B00000022,2026-02-08,78.38143920898438,63.41771354675293,115.43447799682619
B00000022,2026-02-09,92.63261032104492,62.70515518188477,128.26052856445312
B00000022,2026-02-10,78.38143920898438,48.453987503051756,116.14703598022464
B00000022,2026-02-11,85.50702667236328,57.00468826293945,114.72192001342775
B00000022,2026-02-12,85.50702667236328,57.00468826293945,121.13494873046875
B00000022,2026-02-13,78.38143920898438,63.41771354675293,130.39820404052736
B00000022,2026-02-14,78.38143920898438,64.1302719116211,128.97308654785158
B00000022,2026-02-15,78.38143920898438,64.1302719116211,89.06981887817388
B00000022,2026-02-16,78.38143920898438,48.453987503051756,115.43447799682619
B00000022,2026-02-17,78.38143920898438,63.41771354675293,147.49959869384773
B00000022,2026-02-18,81.94423294067383,57.00468826293945,128.9730911254884
B00000022,2026-02-19,74.81864547729492,33.490258407592776,136.81122894287122
B00000022,2026-02-20,78.38143920898438,56.29212989807129,116.14703826904321
B00000022,2026-02-21,78.38143920898438,55.5795711517334,146.07449035644555
B00000022,2026-02-22,85.50702667236328,64.1302719116211,145.36192626953138
B00000022,2026-02-23,85.50702667236328,48.453987503051756,135.3861083984375
B00000022,2026-02-24,78.38143920898438,56.29212989807129,121.8475067138672
B00000022,2026-02-25,78.38143920898438,49.87910461425781,106.88377380371094
B00000022,2026-02-26,78.38143920898438,57.00468826293945,114.72192001342775
B00000022,2026-02-27,89.06981658935547,64.1302719116211,130.39820404052736
B00000023,2026-01-31,87.90735626220703,71.15001831054687,107.96122283935549
B00000023,2026-02-01,96.14867401123047,76.91893768310547,109.88419342041016
B00000023,2026-02-02,90.65445709228516,71.15001831054687,110.15890350341797
B00000023,2026-02-03,86.5338020324707,68.4029167175293,105.2141082763672
B00000023,2026-02-04,82.41314697265625,68.67762756347656,99.17048492431641
B00000023,2026-02-05,82.41314697265625,63.183414459228516,102.19229736328126
B00000023,2026-02-06,86.5338020324707,62.359282684326175,123.89442367553711
B00000023,2026-02-07,96.1486701965332,73.89712600708008,129.66334381103516
B00000023,2026-02-08,92.02801132202148,73.62241592407227,109.33477554321293
B00000023,2026-02-09,93.40156555175781,71.15001831054687,118.9496421813965
B00000023,2026-02-10,100.26932525634766,74.17183685302734,108.2359344482422
B00000023,2026-02-11,98.8957748413086,82.41314697265625,110.70832519531251
B00000023,2026-02-12,94.77511978149414,73.62241592407227,120.87261199951172
B00000023,2026-02-13,100.26932525634766,74.17183685302734,134.88284912109376
B00000023,2026-02-14,92.02801132202148,67.57878532409669,124.16913375854493
B00000023,2026-02-15,89.2809066772461,59.88688507080078,124.71855545043947
B00000023,2026-02-16,94.77511978149414,76.3695167541504,129.11392669677738
B00000023,2026-02-17,94.77511978149414,54.39267578125,128.56450500488285
B00000023,2026-02-18,90.65446090698242,59.61217498779297,115.92781677246094
B00000023,2026-02-19,93.40156555175781,72.52357368469238,115.3783950805664
B00000023,2026-02-20,87.90735626220703,70.05117607116699,121.14732208251954
B00000023,2026-02-21,93.40156555175781,68.67762756347656,113.45542602539064
B00000023,2026-02-22,90.65445709228516,76.64422760009765,109.88419342041016
B00000023,2026-02-23,96.1486701965332,81.31430511474609,123.89442367553711
B00000023,2026-02-24,101.64287567138672,73.62241592407227,129.11392211914062
B00000023,2026-02-25,104.38997650146484,81.86372604370118,120.87261199951172
B00000023,2026-02-26,103.01642608642578,87.63264541625976,127.46566314697267
B00000023,2026-02-27,98.8957748413086,76.91893768310547,134.88284912109376
B00000025,2026-01-31,66.53643035888672,53.54598693847656,79.84371719360352
B00000025,2026-02-01,69.704833984375,57.03122329711914,95.05204010009766
B00000025,2026-02-02,68.12063217163086,59.88278999328613,82.6952735900879
B00000025,2026-02-03,69.704833984375,56.08070335388184,79.5268768310547
B00000025,2026-02-04,69.704833984375,56.71438369750977,89.03208084106446
B00000025,2026-02-05,66.53643035888672,53.86282730102539,85.54683685302734
B00000025,2026-02-06,68.12063217163086,56.397543334960936,85.86367721557617
B00000025,2026-02-07,76.04163360595703,63.36802673339844,95.05204010009766
B00000025,2026-02-08,76.04163360595703,57.03122329711914,95.05204010009766
B00000025,2026-02-09,72.87323760986328,59.56595039367676,88.71524047851562
B00000025,2026-02-10,69.704833984375,53.22914695739746,89.03208084106446
B00000025,2026-02-11,68.12063217163086,57.03122329711914,85.86367721557617
B00000025,2026-02-12,72.87323760986328,56.71438369750977,89.9826011657715
B00000025,2026-02-13,69.704833984375,56.71438369750977,85.86367721557617
B00000025,2026-02-14,76.04163360595703,59.88278999328613,89.03208084106446
B00000025,2026-02-15,68.12063217163086,58.93227005004883,88.71524047851562
B00000025,2026-02-16,76.04163360595703,59.88278999328613,86.49735717773439
B00000025,2026-02-17,68.12063217163086,53.54598693847656,88.71524047851562
B00000025,2026-02-18,72.87323760986328,57.03122329711914,88.71524047851562
B00000025,2026-02-19,69.704833984375,59.88278999328613,88.0815582275391
B00000025,2026-02-20,68.12063217163086,53.22914695739746,105.50776367187501
B00000025,2026-02-21,64.95222854614258,55.44702301025391,95.36887969970704
B00000025,2026-02-22,74.45743560791016,56.397543334960936,86.49735717773439
B00000025,2026-02-23,71.28903579711914,53.86282730102539,85.86367721557617
B00000025,2026-02-24,74.45743560791016,56.71438369750977,96.0025604248047
B00000025,2026-02-25,66.53643035888672,50.37758369445801,95.68572082519532
B00000025,2026-02-26,71.28903579711914,59.56595039367676,87.76471786499026
B00000025,2026-02-27,74.45743560791016,49.74390335083008,85.54683685302734
B00000026,2026-01-31,61.15375328063965,55.57481231689453,86.47355041503907
B00000026,2026-02-01,70.80960083007812,61.797478103637694,86.04440078735352
B00000026,2026-02-02,66.51811218261719,55.360237503051756,77.89056549072266
B00000026,2026-02-03,64.37236785888672,55.360237503051756,80.03630981445313
B00000026,2026-02-04,69.73673248291016,55.57481231689453,81.538330078125
B00000026,2026-02-05,64.37236785888672,49.35215377807617,73.59907608032228
B00000026,2026-02-06,62.226627349853516,51.497894287109375,82.8257781982422
B00000026,2026-02-07,69.73673248291016,57.50598564147949,82.1820541381836
B00000026,2026-02-08,66.51811218261719,55.78938674926758,75.31567153930665
B00000026,2026-02-09,57.93513488769531,51.497894287109375,82.1820541381836
B00000026,2026-02-10,67.59098815917969,49.1375789642334,81.7529052734375
B00000026,2026-02-11,63.29949760437012,53.21449356079101,81.7529052734375
B00000026,2026-02-12,69.73673248291016,52.99991874694825,84.32780532836915
B00000026,2026-02-13,68.66386413574219,51.28332023620605,86.47355117797855
B00000026,2026-02-14,66.51811218261719,49.35215377807617,73.59907608032228
B00000026,2026-02-15,65.44524002075195,51.28332023620605,78.31971435546876
B00000026,2026-02-16,75.1010971069336,53.429067611694336,79.60716018676759
B00000026,2026-02-17,69.73673248291016,53.429067611694336,88.40472030639648
B00000026,2026-02-18,66.51811218261719,53.64364242553711,79.60716018676759
B00000026,2026-02-19,68.66386413574219,53.429067611694336,88.8338691711426
B00000026,2026-02-20,62.226627349853516,55.78938674926758,80.25088424682619
B00000026,2026-02-21,68.66386413574219,53.64364242553711,86.04440078735352
B00000026,2026-02-22,75.1010971069336,59.65172996520996,83.89865646362306
B00000026,2026-02-23,68.66386413574219,57.93513488769531,82.1820541381836
B00000026,2026-02-24,70.80960083007812,57.29141082763672,88.40472030639648
B00000026,2026-02-25,72.95534896850586,57.72056007385254,92.2670669555664
B00000026,2026-02-26,74.02822494506836,55.360237503051756,94.41281127929688
B00000026,2026-02-27,75.1010971069336,53.429067611694336,90.1213150024414
B00000027,2026-01-31,73.91252899169922,52.731624603271484,90.68073959350586
B00000027,2026-02-01,69.49983978271484,65.96968879699708,82.29663085937501
B00000027,2026-02-02,68.39666748046875,52.510990142822266,90.68073959350586
B00000027,2026-02-03,68.39666748046875,54.93796920776367,84.94424438476564
B00000027,2026-02-04,76.1188735961914,52.9522590637207,88.6950294494629
B00000027,2026-02-05,67.29349517822266,52.731624603271484,77.44267959594727
B00000027,2026-02-06,67.29349517822266,56.48240699768066,90.90137481689453
B00000027,2026-02-07,75.01570129394531,52.731624603271484,90.4601058959961
B00000027,2026-02-08,68.39666748046875,54.71733474731445,90.90137481689453
B00000027,2026-02-09,73.91252517700195,56.70304145812988,88.47439575195312
B00000027,2026-02-10,65.0871524810791,49.64274215698242,82.29663085937501
B00000027,2026-02-11,61.77763748168945,43.685611724853516,91.12200927734376
B00000027,2026-02-12,72.8093490600586,56.261772918701176,84.5029754638672
B00000027,2026-02-13,71.70618057250977,54.93796920776367,92.88707809448242
B00000027,2026-02-14,76.1188735961914,52.9522590637207,86.92996139526369
B00000027,2026-02-15,66.19032287597656,43.685611724853516,82.07599716186525
B00000027,2026-02-16,67.29349517822266,48.318935775756835,80.09028701782228
B00000027,2026-02-17,68.39666748046875,50.5252799987793,92.88707809448242
B00000027,2026-02-18,73.91252517700195,54.71733474731445,86.26805801391602
B00000027,2026-02-19,70.60301208496094,54.496700286865234,90.68073959350586
B00000027,2026-02-20,67.29349517822266,52.510990142822266,88.6950294494629
B00000027,2026-02-21,71.70618057250977,61.33636474609375,90.90137481689453
B00000027,2026-02-22,68.39666748046875,54.71733474731445,90.68073959350586
B00000027,2026-02-23,67.29349517822266,57.36494445800781,90.90137481689453
B00000027,2026-02-24,67.29349517822266,52.9522590637207,95.97596740722658
B00000027,2026-02-25,61.77763748168945,52.731624603271484,86.04742431640625
B00000027,2026-02-26,72.8093490600586,48.53956985473633,86.709326171875
B00000027,2026-02-27,70.60301208496094,59.35065803527832,88.6950294494629
B00000032,2026-01-31,25.090864181518555,21.921492767333984,29.228654289245608
B00000032,2026-02-01,27.29181480407715,21.129148483276367,31.86979789733887
B00000032,2026-02-02,26.4114351272583,20.160729598999023,30.901379203796388
B00000032,2026-02-03,23.770291328430176,22.009531021118164,39.44107551574708
B00000032,2026-02-04,26.851625442504883,20.953072166442873,32.75018043518067
B00000032,2026-02-05,23.770292282104492,21.04111042022705,36.27170333862305
B00000032,2026-02-06,26.411436080932617,20.160729598999023,32.57410430908203
B00000032,2026-02-07,25.971245765686035,19.28034725189209,34.59897956848145
B00000032,2026-02-08,27.732006072998047,20.953072166442873,36.09562683105469
B00000032,2026-02-09,29.05257797241211,22.009531021118164,36.18366470336914
B00000032,2026-02-10,26.851625442504883,21.74541645050049,36.27170333862305
B00000032,2026-02-11,27.29181480407715,23.59421615600586,37.06404418945313
B00000032,2026-02-12,25.531054496765137,22.009531021118164,31.781760025024415
B00000032,2026-02-13,26.411436080932617,21.74541645050049,32.66214218139648
B00000032,2026-02-14,29.05257797241211,21.04111042022705,39.0008846282959
B00000032,2026-02-15,28.17219638824463,22.009531021118164,32.75018043518067
B00000032,2026-02-16,25.531054496765137,20.953072166442873,32.66214218139648
B00000032,2026-02-17,25.090864181518555,21.04111042022705,35.30328598022461
B00000032,2026-02-18,27.29181480407715,21.74541645050049,31.95783615112305
B00000032,2026-02-19,28.612387657165527,21.04111042022705,34.42290382385254
B00000032,2026-02-20,25.090864181518555,18.399966621398924,34.33486557006836
B00000032,2026-02-21,25.090864181518555,21.921492767333984,32.83821868896485
B00000032,2026-02-22,25.531054496765137,21.921492767333984,35.215248107910156
B00000032,2026-02-23,23.770291328430176,20.07269153594971,29.844920730590832
B00000032,2026-02-24,23.330101013183594,21.921492767333984,43.138675689697266
B00000032,2026-02-25,27.29181480407715,21.921492767333984,33.63055953979492
B00000032,2026-02-26,28.612387657165527,21.39326400756836,32.57410430908203
B00000032,2026-02-27,28.172197341918945,22.009531021118164,35.39132385253907
B00000034,2026-01-31,30.116201400756836,24.586669731140137,37.620565795898436
B00000034,2026-02-01,31.597326278686523,27.548919486999512,38.80546760559083
B00000034,2026-02-02,32.584739685058594,26.265277481079103,41.570230865478514
B00000034,2026-02-03,29.622493743896484,26.16653575897217,38.2130153656006
B00000034,2026-02-04,30.116201400756836,26.462760734558106,36.83063354492188
B00000034,2026-02-05,33.57215881347656,25.672826766967773,38.60798454284668
B00000034,2026-02-06,28.63507843017578,22.6118371963501,35.546993255615234
B00000034,2026-02-07,30.609909057617188,28.338853263854983,38.80546760559083
B00000034,2026-02-08,30.116201400756836,24.68541145324707,42.162680435180675
B00000034,2026-02-09,32.09103298187256,25.3766019821167,42.55764961242676
B00000034,2026-02-10,31.103617668151855,22.71057891845703,38.90420951843262
B00000034,2026-02-11,32.584739685058594,22.6118371963501,37.52182388305664
B00000034,2026-02-12,31.597326278686523,26.462760734558106,40.582815170288086
B00000034,2026-02-13,28.63507843017578,26.364019012451173,36.53440856933594
B00000034,2026-02-14,30.116201400756836,21.624420166015625,36.63315010070801
B00000034,2026-02-15,34.06586837768555,25.080377006530764,40.484073638916016
B00000034,2026-02-16,29.128786087036133,20.735746383666992,36.73189201354981
B00000034,2026-02-17,27.647661209106445,22.71057891845703,35.84321823120118
B00000034,2026-02-18,29.622493743896484,25.47534351348877,33.868383789062506
B00000034,2026-02-19,29.128786087036133,23.303027725219728,35.645734786987305
B00000034,2026-02-20,30.609909057617188,22.71057891845703,37.52182388305664
B00000034,2026-02-21,32.09103298187256,23.204286193847658,38.90420951843262
B00000034,2026-02-22,31.103617668151855,26.462760734558106,41.86645545959473
B00000034,2026-02-23,31.597326278686523,23.303027725219728,36.73189201354981
B00000034,2026-02-24,28.141369819641113,20.53826313018799,37.52182388305664
B00000034,2026-02-25,30.609909057617188,28.63507843017578,37.620565795898436
B00000034,2026-02-26,28.63507843017578,23.599252700805664,37.620565795898436
B00000034,2026-02-27,33.07844924926758,22.513095664978028,38.70672607421875
B00000041,2026-01-31,46.889896392822266,37.804979705810545,59.19849281311036
B00000041,2026-02-01,49.82051467895508,35.167423248291016,67.99035186767578
B00000041,2026-02-02,46.889896392822266,37.804979705810545,58.90543174743653
B00000041,2026-02-03,51.285823822021484,32.2368049621582,64.47360229492188
B00000041,2026-02-04,41.02865982055664,32.2368049621582,58.90543174743653
B00000041,2026-02-05,48.35520553588867,34.87436141967773,55.974813079833986
B00000041,2026-02-06,43.95927810668945,35.167423248291016,55.974813079833986
B00000041,2026-02-07,48.35520553588867,34.58129959106446,55.974813079833986
B00000041,2026-02-08,49.82051467895508,37.804979705810545,58.90543174743653
B00000041,2026-02-09,48.35520553588867,40.73559799194336,62.71523895263674
B00000041,2026-02-10,52.75113296508789,37.51191787719727,70.62790145874024
B00000041,2026-02-11,49.82051467895508,31.65068130493164,65.64584960937502
B00000041,2026-02-12,49.82051467895508,43.66621627807617,58.612369537353516
B00000041,2026-02-13,46.889896392822266,37.804979705810545,53.9233798980713
B00000041,2026-02-14,46.889896392822266,37.804979705810545,55.6817512512207
B00000041,2026-02-15,46.889896392822266,37.804979705810545,53.04419479370117
B00000041,2026-02-16,46.889896392822266,37.804979705810545,64.47360229492188
B00000041,2026-02-17,49.82051467895508,41.02865982055664,63.00830001831057
B00000041,2026-02-18,49.82051467895508,35.167423248291016,67.69728927612304
B00000041,2026-02-19,49.82051467895508,37.804979705810545,73.55852584838867
B00000041,2026-02-20,51.285823822021484,40.73559799194336,67.69728927612304
B00000041,2026-02-21,52.75113296508789,43.08009262084961,73.26546478271484
B00000041,2026-02-22,49.82051467895508,31.943743133544924,73.55852584838867
B00000041,2026-02-23,52.75113296508789,37.804979705810545,69.16259918212893
B00000041,2026-02-24,46.889896392822266,38.09804153442383,62.422176361084
B00000041,2026-02-25,51.285823822021484,38.09804153442383,64.47360229492188
B00000041,2026-02-26,48.35520553588867,37.804979705810545,64.76666488647462
B00000041,2026-02-27,52.75113296508789,40.73559799194336,67.99035186767578
B00000042,2026-01-31,27.84062385559082,23.942937660217286,29.882270812988285
B00000042,2026-02-01,26.91260528564453,21.344480514526367,37.12083435058594
B00000042,2026-02-02,26.91260528564453,22.272499084472656,30.90309162139893
B00000042,2026-02-03,27.84062385559082,22.179697227478027,34.52237358093262
B00000042,2026-02-04,26.91260528564453,24.128541946411133,33.779957199096685
B00000042,2026-02-05,28.768644332885742,24.963760375976562,38.3272575378418
B00000042,2026-02-06,29.232654571533203,23.478927421569825,37.3064380645752
B00000042,2026-02-07,28.30463409423828,20.230854034423828,33.59435272216797
B00000042,2026-02-08,27.376614570617676,21.251678276062012,35.357592010498045
B00000042,2026-02-09,28.768644332885742,23.107719230651856,34.52237358093262
B00000042,2026-02-10,25.520572662353516,20.973272132873536,30.717487525939944
B00000042,2026-02-11,28.304636001586914,22.086894989013672,36.192813873291016
B00000042,2026-02-12,27.84062385559082,25.056562423706055,36.28561592102051
B00000042,2026-02-13,31.088696479797363,23.850135803222656,37.6776466369629
B00000042,2026-02-14,32.48072814941406,23.942937660217286,35.450394058227545
B00000042,2026-02-15,30.624685287475586,24.963760375976562,39.440881729125984
B00000042,2026-02-16,28.768644332885742,20.973272132873536,36.28561592102051
B00000042,2026-02-17,28.30463409423828,23.107719230651856,32.573530197143555
B00000042,2026-02-18,28.768644332885742,22.458104801177978,34.52237358093262
B00000042,2026-02-19,30.16067600250244,20.32365608215332,37.213636016845705
B00000042,2026-02-20,26.448594093322754,22.086894989013672,38.605663299560554
B00000042,2026-02-21,28.30463409423828,17.168386268615723,38.3272575378418
B00000042,2026-02-22,27.840624809265137,20.230854034423828,35.635997772216804
B00000042,2026-02-23,25.984583854675293,22.736511039733887,35.357592010498045
B00000042,2026-02-24,33.872758865356445,24.128541946411133,42.781758880615236
B00000042,2026-02-25,27.84062385559082,22.922115135192872,36.28561592102051
B00000042,2026-02-26,29.23265552520752,22.179697227478027,36.378417587280275
B00000042,2026-02-27,29.696666717529297,24.03573989868164,41.389728546142585
