asin,sku,product_line,marketplace,launch_date,end_date,is_active,base_sales,base_price,lifecycle_months
B00000000,LED-UK-0000,led_strip,UK,2023-03-25,,True,312,32.96,26
B00000001,LED-US-0001,led_strip,US,2022-03-26,,True,308,25.01,22
B00000002,LED-US-0002,led_strip,US,2023-02-25,,True,270,43.16,13
B00000003,LED-US-0003,led_strip,US,2022-10-02,,True,386,30.74,12
B00000004,LED-DE-0004,led_strip,DE,2022-03-18,2023-12-08,False,332,44.21,21
B00000005,LED-DE-0005,led_strip,DE,2022-11-04,,True,391,35.41,14
B00000006,LED-IT-0006,led_strip,IT,2022-10-05,,True,374,31.9,15
B00000007,LED-US-0007,led_strip,US,2022-07-25,,True,302,28.2,13
B00000008,LED-US-0008,led_strip,US,2022-02-12,2023-09-05,False,339,42.28,19
B00000009,LED-US-0009,led_strip,US,2022-06-13,,True,423,21.24,13
B00000010,LED-US-0010,led_strip,US,2022-03-16,,True,511,43.18,29
B00000011,LED-US-0011,led_strip,US,2022-10-09,,True,410,32.11,27
B00000012,LED-US-0012,led_strip,US,2022-09-13,,True,428,31.19,27
B00000013,LED-US-0013,led_strip,US,2022-12-01,2024-11-20,False,290,39.07,24
B00000014,LED-UK-0014,led_strip,UK,2022-01-31,,True,490,15.17,12
B00000015,LED-US-0015,led_strip,US,2022-06-09,,True,520,33.18,14
B00000016,LED-US-0016,led_strip,US,2023-05-26,,True,295,28.48,18
B00000017,LED-UK-0017,led_strip,UK,2022-02-18,,True,509,34.13,16
B00000018,LED-DE-0018,led_strip,DE,2022-03-31,,True,478,31.84,14
B00000019,LED-US-0019,led_strip,US,2022-06-08,,True,299,15.76,26
B00000020,LED-DE-0020,led_strip,DE,2022-11-07,,True,380,22.48,15
B00000021,LED-DE-0021,led_strip,DE,2023-01-16,,True,457,32.97,15
B00000022,LED-US-0022,led_strip,US,2023-06-08,,True,415,41.78,23
B00000023,LED-US-0023,led_strip,US,2022-02-15,,True,444,23.16,18
B00000024,LED-ES-0024,led_strip,ES,2022-10-20,,True,400,31.02,18
B00000025,LED-US-0025,led_strip,US,2022-11-23,,True,357,43.29,21
B00000026,LED-US-0026,led_strip,US,2022-03-21,,True,338,16.95,20
B00000027,LED-US-0027,led_strip,US,2022-10-11,,True,346,24.03,18
B00000028,LED-FR-0028,led_strip,FR,2023-04-16,,True,54,27.33,28
B00000029,LED-UK-0029,led_strip,UK,2022-11-23,,True,113,19.35,12
B00000030,LED-DE-0030,led_strip,DE,2022-05-16,2023-08-09,False,81,26.09,15
B00000031,LED-DE-0031,led_strip,DE,2022-09-15,,True,119,34.01,16
B00000032,LED-US-0032,led_strip,US,2023-02-12,,True,140,30.25,12
B00000033,LED-CA-0033,led_strip,CA,2022-05-29,,True,62,25.46,14
B00000034,LED-US-0034,led_strip,US,2022-03-04,,True,158,30.53,12
B00000035,LED-UK-0035,led_strip,UK,2022-03-20,,True,83,41.32,29
B00000036,LED-FR-0036,led_strip,FR,2023-02-12,,True,81,30.89,27
B00000037,LED-UK-0037,led_strip,UK,2022-09-05,,True,74,41.48,23
B00000038,LED-FR-0038,led_strip,FR,2022-11-15,,True,161,40.4,14
B00000039,LED-UK-0039,led_strip,UK,2023-05-13,,True,71,17.52,12
B00000040,LED-DE-0040,led_strip,DE,2022-05-10,,True,63,15.28,19
B00000041,LED-US-0041,led_strip,US,2023-03-29,,True,139,31.46,29
B00000042,LED-US-0042,led_strip,US,2023-01-26,,True,147,24.76,15
B00000043,LED-US-0043,led_strip,US,2022-06-09,,True,120,24.24,18
B00000044,LED-US-0044,led_strip,US,2022-03-23,,True,113,44.37,25
B00000045,LED-US-0045,led_strip,US,2022-09-26,,True,136,34.35,13
B00000046,LED-US-0046,led_strip,US,2022-03-12,,True,124,29.98,16
B00000047,LED-US-0047,led_strip,US,2022-12-26,2025-04-14,False,111,44.84,28
B00000048,LED-UK-0048,led_strip,UK,2023-05-21,,True,170,15.46,17
B00000049,LED-US-0049,led_strip,US,2022-02-24,,True,160,43.91,25
B00000050,LED-US-0050,led_strip,US,2022-12-27,,True,122,20.08,12
B00000051,LED-US-0051,led_strip,US,2022-08-17,2024-03-09,False,137,21.27,19
B00000052,LED-US-0052,led_strip,US,2023-02-01,,True,140,37.22,21
B00000053,LED-ES-0053,led_strip,ES,2022-11-02,,True,104,23.9,27
B00000054,LED-UK-0054,led_strip,UK,2022-05-24,2024-05-13,False,131,15.16,24
B00000055,LED-UK-0055,led_strip,UK,2023-06-16,2024-06-10,False,56,26.9,12
B00000056,LED-US-0056,led_strip,US,2022-03-22,,True,125,17.82,26
B00000057,LED-DE-0057,led_strip,DE,2023-05-16,2025-09-02,False,96,39.68,28
B00000058,LED-US-0058,led_strip,US,2022-04-18,,True,78,38.1,16
B00000059,LED-US-0059,led_strip,US,2023-07-01,2024-12-22,False,119,16.55,18
B00000060,LED-CA-0060,led_strip,CA,2023-05-20,,True,176,36.78,14
B00000061,LED-UK-0061,led_strip,UK,2023-03-22,,True,146,28.01,28
B00000062,LED-UK-0062,led_strip,UK,2022-07-25,,True,105,17.43,16
B00000063,LED-DE-0063,led_strip,DE,2023-05-09,,True,62,22.19,12
B00000064,LED-FR-0064,led_strip,FR,2022-03-05,,True,145,43.65,24
B00000065,LED-DE-0065,led_strip,DE,2022-04-15,,True,82,27.59,16
B00000066,LED-US-0066,led_strip,US,2022-04-27,2023-08-20,False,61,25.26,16
B00000067,LED-US-0067,led_strip,US,2023-05-20,,True,72,44.39,28
B00000068,LED-US-0068,led_strip,US,2022-11-30,,True,110,25.39,27
B00000069,LED-US-0069,led_strip,US,2022-07-14,,True,83,41.6,21
B00000070,LED-US-0070,led_strip,US,2022-04-20,,True,130,35.52,12
B00000071,LED-ES-0071,led_strip,ES,2022-08-04,2023-08-29,False,172,32.57,13
B00000072,LED-FR-0072,led_strip,FR,2022-06-21,,True,172,31.37,12
B00000073,LED-US-0073,led_strip,US,2022-05-15,,True,59,20.87,19
B00000074,LED-UK-0074,led_strip,UK,2022-09-07,2023-10-02,False,93,33.55,13
B00000075,LED-US-0075,led_strip,US,2023-04-07,,True,94,35.45,19
B00000076,LED-IT-0076,led_strip,IT,2023-03-13,,True,95,35.79,20
B00000077,LED-US-0077,led_strip,US,2023-04-22,,True,121,44.03,15
B00000078,LED-US-0078,led_strip,US,2022-04-05,,True,98,27.38,14
B00000079,LED-US-0079,led_strip,US,2023-04-01,,True,146,35.4,16
B00000080,LED-UK-0080,led_strip,UK,2022-10-06,,True,91,39.79,28
B00000081,LED-US-0081,led_strip,US,2023-06-17,2025-10-04,False,160,43.76,28
B00000082,LED-UK-0082,led_strip,UK,2022-10-14,,True,112,35.3,18
B00000083,LED-IT-0083,led_strip,IT,2022-02-15,2024-04-05,False,128,17.75,26
B00000084,LED-US-0084,led_strip,US,2022-03-24,,True,18,38.44,15
B00000085,LED-US-0085,led_strip,US,2023-05-25,,True,40,16.68,18
B00000086,LED-CA-0086,led_strip,CA,2022-11-13,2024-09-03,False,41,19.29,22
B00000087,LED-US-0087,led_strip,US,2022-03-01,2024-06-18,False,39,17.52,28
B00000088,LED-US-0088,led_strip,US,2023-01-17,,True,17,36.19,20
B00000089,LED-US-0089,led_strip,US,2023-01-22,,True,27,26.23,17
B00000090,LED-US-0090,led_strip,US,2022-02-21,,True,41,44.58,28
B00000091,LED-UK-0091,led_strip,UK,2023-04-27,,True,46,27.73,23
B00000092,LED-DE-0092,led_strip,DE,2023-05-28,,True,35,27.16,14
B00000093,LED-US-0093,led_strip,US,2022-03-17,2023-10-08,False,41,34.48,19
B00000094,LED-US-0094,led_strip,US,2022-07-23,2024-11-09,False,30,30.85,28
B00000095,LED-US-0095,led_strip,US,2023-05-09,,True,26,31.68,23
B00000096,LED-CA-0096,led_strip,CA,2023-04-17,,True,39,22.59,22
B00000097,LED-US-0097,led_strip,US,2022-04-21,,True,25,21.5,29
B00000098,LED-CA-0098,led_strip,CA,2022-02-08,,True,24,16.36,14
B00000099,LED-FR-0099,led_strip,FR,2022-07-13,2024-06-02,False,20,25.07,23
B00000100,LED-US-0100,led_strip,US,2023-04-07,,True,17,32.51,19
B00000101,LED-DE-0101,led_strip,DE,2023-05-26,,True,33,35.94,15
B00000102,LED-DE-0102,led_strip,DE,2022-04-01,,True,43,42.33,27
B00000103,LED-US-0103,led_strip,US,2022-10-23,,True,47,27.55,16
B00000104,LED-US-0104,led_strip,US,2022-11-06,,True,42,27.34,24
B00000105,LED-UK-0105,led_strip,UK,2023-02-10,,True,28,32.82,26
B00000106,LED-US-0106,led_strip,US,2022-04-01,,True,24,27.44,12
B00000107,LED-US-0107,led_strip,US,2022-02-03,,True,46,37.5,28
B00000108,LED-US-0108,led_strip,US,2023-06-13,,True,28,37.71,16
B00000109,LED-ES-0109,led_strip,ES,2023-04-12,,True,24,22.54,25
B00000110,LED-FR-0110,led_strip,FR,2022-04-16,,True,27,33.54,12
B00000111,LED-US-0111,led_strip,US,2023-04-25,,True,42,30.61,18
B00000112,LED-US-0112,led_strip,US,2022-09-03,,True,18,44.04,23
B00000113,LED-US-0113,led_strip,US,2022-05-31,,True,42,27.62,27
B00000114,LED-IT-0114,led_strip,IT,2023-04-22,2024-10-13,False,27,15.44,18
B00000115,LED-FR-0115,led_strip,FR,2023-03-30,,True,46,28.12,29
B00000116,LED-US-0116,led_strip,US,2022-09-01,,True,25,42.31,17
B00000117,LED-UK-0117,led_strip,UK,2023-03-22,,True,47,19.41,28
B00000118,LED-UK-0118,led_strip,UK,2022-08-10,,True,49,28.77,28
B00000119,LED-US-0119,led_strip,US,2023-05-14,,True,23,34.0,13
B00000120,LED-DE-0120,led_strip,DE,2023-03-17,,True,37,19.16,27
B00000121,LED-US-0121,led_strip,US,2022-07-11,,True,31,41.9,15
B00000122,LED-DE-0122,led_strip,DE,2023-04-04,,True,43,21.72,29
B00000123,LED-US-0123,led_strip,US,2022-03-27,,True,19,17.66,21
B00000124,LED-US-0124,led_strip,US,2022-11-15,,True,32,25.93,23
B00000125,LED-US-0125,led_strip,US,2023-04-24,,True,45,17.45,26
B00000126,LED-US-0126,led_strip,US,2023-05-19,,True,41,39.19,28
B00000127,LED-ES-0127,led_strip,ES,2022-10-26,,True,23,42.72,26
B00000128,LED-FR-0128,led_strip,FR,2023-06-08,,True,16,37.42,25
B00000129,LED-FR-0129,led_strip,FR,2022-08-28,,True,41,40.33,18
B00000130,LED-US-0130,led_strip,US,2022-02-13,,True,28,25.62,24
B00000131,LED-US-0131,led_strip,US,2022-12-26,,True,44,31.92,16
B00000132,LED-FR-0132,led_strip,FR,2023-04-11,,True,31,25.29,23
B00000133,LED-ES-0133,led_strip,ES,2022-06-07,,True,35,29.39,14
B00000134,LED-US-0134,led_strip,US,2022-03-23,,True,34,32.6,13
B00000135,LED-US-0135,led_strip,US,2022-05-07,,True,34,34.38,16
B00000136,LED-US-0136,led_strip,US,2022-08-25,,True,15,43.01,24
B00000137,LED-DE-0137,led_strip,DE,2022-10-02,,True,44,29.63,17
B00000138,LED-DE-0138,led_strip,DE,2022-04-16,2023-12-07,False,29,30.74,20
B00000139,LED-US-0139,led_strip,US,2022-11-25,,True,45,44.08,17
B00000140,LED-US-0140,led_strip,US,2023-03-10,,True,43,36.69,28
B00000141,LED-US-0141,led_strip,US,2022-12-24,,True,44,29.3,26
B00000142,LED-US-0142,led_strip,US,2022-08-14,,True,23,30.23,15
B00000143,LED-FR-0143,led_strip,FR,2023-07-05,,True,20,32.44,25
B00000144,LED-US-0144,led_strip,US,2022-10-20,,True,34,28.63,12
B00000145,LED-US-0145,led_strip,US,2023-01-15,,True,23,39.3,13
B00000146,LED-US-0146,led_strip,US,2022-08-11,2024-11-28,False,36,29.19,28
B00000147,LED-DE-0147,led_strip,DE,2022-05-13,,True,29,37.38,28
B00000148,LED-US-0148,led_strip,US,2022-06-25,,True,17,20.44,22
B00000149,LED-US-0149,led_strip,US,2022-09-13,,True,42,37.52,19
B00000150,LED-CA-0150,led_strip,CA,2022-09-18,,True,33,34.96,16
B00000151,LED-UK-0151,led_strip,UK,2023-02-24,,True,30,35.49,24
B00000152,LED-US-0152,led_strip,US,2022-01-26,,True,35,28.16,17
B00000153,LED-US-0153,led_strip,US,2023-02-11,,True,17,30.96,12
B00000154,LED-US-0154,led_strip,US,2023-03-24,2024-09-14,False,36,43.19,18
B00000155,LED-US-0155,led_strip,US,2022-04-14,,True,40,29.86,26
B00000156,LED-US-0156,led_strip,US,2022-05-12,,True,42,36.21,17
B00000157,LED-UK-0157,led_strip,UK,2022-09-20,,True,45,37.87,15
B00000158,LED-US-0158,led_strip,US,2023-03-10,,True,30,26.36,17
B00000159,LED-US-0159,led_strip,US,2023-06-21,2025-01-11,False,40,21.88,19
B00000160,LED-US-0160,led_strip,US,2023-02-26,,True,27,22.55,15
B00000161,LED-UK-0161,led_strip,UK,2023-06-25,,True,29,21.82,21
B00000162,LED-US-0162,led_strip,US,2022-07-25,,True,19,42.36,25
B00000163,LED-IT-0163,led_strip,IT,2022-12-08,2023-12-03,False,47,41.16,12
B00000164,LED-FR-0164,led_strip,FR,2022-07-15,,True,39,42.67,27
B00000165,LED-US-0165,led_strip,US,2023-03-22,,True,29,33.2,28
B00000166,LED-US-0166,led_strip,US,2023-06-07,,True,30,42.77,25
B00000167,LED-UK-0167,led_strip,UK,2022-05-27,,True,26,40.12,25
B00000168,LED-US-0168,led_strip,US,2022-06-30,,True,41,26.38,19
B00000169,LED-US-0169,led_strip,US,2022-12-16,2024-08-07,False,45,27.44,20
B00000170,LED-ES-0170,led_strip,ES,2022-06-15,,True,30,37.13,18
B00000171,LED-UK-0171,led_strip,UK,2023-01-08,,True,25,16.02,18
B00000172,LED-US-0172,led_strip,US,2022-09-24,,True,38,15.39,22
B00000173,LED-DE-0173,led_strip,DE,2023-04-13,2024-12-03,False,17,27.44,20
B00000174,LED-DE-0174,led_strip,DE,2022-07-11,,True,28,24.3,28
B00000175,LED-US-0175,led_strip,US,2022-04-27,2024-08-14,False,34,29.16,28
B00000176,LED-US-0176,led_strip,US,2023-06-18,,True,33,28.6,12
B00000177,LED-US-0177,led_strip,US,2023-03-15,,True,18,37.96,29
B00000178,LED-US-0178,led_strip,US,2022-10-15,,True,46,23.17,18
B00000179,LED-US-0179,led_strip,US,2023-01-25,2024-01-20,False,40,19.68,12
B00000180,LED-DE-0180,led_strip,DE,2022-07-22,2024-02-12,False,23,21.66,19
B00000181,LED-DE-0181,led_strip,DE,2022-04-19,2023-11-10,False,21,39.0,19
B00000182,LED-CA-0182,led_strip,CA,2022-10-15,,True,36,44.66,13
B00000183,LED-US-0183,led_strip,US,2022-03-02,,True,22,35.04,27
B00000184,LED-US-0184,led_strip,US,2023-06-29,2025-03-20,False,15,21.24,21
B00000185,LED-US-0185,led_strip,US,2022-06-20,,True,46,36.12,15
B00000186,LED-FR-0186,led_strip,FR,2022-01-29,,True,16,25.89,21
B00000187,LED-US-0187,led_strip,US,2022-01-20,,True,27,38.22,16
B00000188,LED-US-0188,led_strip,US,2023-05-14,,True,42,44.24,23
B00000189,LED-US-0189,led_strip,US,2023-01-29,,True,31,20.46,25
B00000190,LED-US-0190,led_strip,US,2022-12-09,,True,29,35.97,25
B00000191,LED-US-0191,led_strip,US,2022-12-17,,True,46,18.97,22
B00000192,LED-US-0192,led_strip,US,2023-04-22,,True,35,18.53,17
B00000193,LED-ES-0193,led_strip,ES,2023-06-02,,True,40,29.92,28
B00000194,LED-US-0194,led_strip,US,2022-07-29,,True,37,22.52,17
B00000195,LED-FR-0195,led_strip,FR,2022-04-07,,True,28,27.56,21
B00000196,LED-UK-0196,led_strip,UK,2023-02-26,,True,41,17.71,22
B00000197,LED-US-0197,led_strip,US,2023-06-07,,True,40,25.67,22
B00000198,LED-CA-0198,led_strip,CA,2022-11-21,,True,19,43.62,13
B00000199,LED-FR-0199,led_strip,FR,2022-08-28,,True,20,31.2,12
B00000200,LED-CA-0200,led_strip,CA,2022-11-04,,True,20,43.66,22
B00000201,LED-ES-0201,led_strip,ES,2022-12-17,2024-01-11,False,40,17.25,13
B00000202,LED-FR-0202,led_strip,FR,2022-12-01,,True,17,28.79,22
B00000203,LED-US-0203,led_strip,US,2022-02-23,2023-06-18,False,15,44.03,16
B00000204,LED-US-0204,led_strip,US,2022-01-28,2023-05-23,False,19,42.52,16
B00000205,LED-US-0205,led_strip,US,2022-08-10,,True,45,31.26,28
B00000206,LED-US-0206,led_strip,US,2023-04-16,,True,23,40.48,16
B00000207,LED-US-0207,led_strip,US,2023-04-08,,True,48,44.63,23
B00000208,LED-US-0208,led_strip,US,2023-05-20,,True,34,44.98,21
B00000209,LED-CA-0209,led_strip,CA,2023-04-11,2024-10-02,False,25,35.92,18
B00000210,LED-US-0210,led_strip,US,2022-02-23,,True,30,16.65,29
B00000211,LED-DE-0211,led_strip,DE,2022-04-19,,True,27,34.51,21
B00000212,LED-US-0212,led_strip,US,2022-12-30,2024-12-19,False,26,35.89,24
B00000213,LED-US-0213,led_strip,US,2023-01-04,,True,33,39.12,23
B00000214,LED-ES-0214,led_strip,ES,2022-06-04,,True,45,27.8,29
B00000215,LED-CA-0215,led_strip,CA,2022-04-12,,True,45,15.64,14
B00000216,LED-UK-0216,led_strip,UK,2023-02-15,,True,49,38.96,29
B00000217,LED-DE-0217,led_strip,DE,2023-06-07,,True,36,29.4,28
B00000218,LED-US-0218,led_strip,US,2022-04-22,,True,29,38.05,23
B00000219,LED-US-0219,led_strip,US,2022-07-12,,True,31,15.1,16
B00000220,LED-CA-0220,led_strip,CA,2022-06-25,,True,16,22.01,29
B00000221,LED-UK-0221,led_strip,UK,2022-06-02,,True,48,18.73,28
B00000222,LED-US-0222,led_strip,US,2023-05-06,2024-08-28,False,45,27.53,16
B00000223,LED-DE-0223,led_strip,DE,2022-09-07,,True,41,44.68,22
B00000224,LED-US-0224,led_strip,US,2022-08-30,2024-08-19,False,28,16.41,24
B00000225,LED-UK-0225,led_strip,UK,2022-02-15,,True,37,39.02,14
B00000226,LED-US-0226,led_strip,US,2022-01-31,,True,24,30.75,14
B00000227,LED-FR-0227,led_strip,FR,2022-05-13,,True,46,44.89,29
B00000228,LED-US-0228,led_strip,US,2023-03-08,2025-04-26,False,45,41.85,26
B00000229,LED-CA-0229,led_strip,CA,2022-10-12,,True,31,23.19,20
B00000230,LED-US-0230,led_strip,US,2022-12-23,,True,37,39.29,13
B00000231,LED-US-0231,led_strip,US,2022-10-18,2024-08-08,False,28,27.25,22
B00000232,LED-UK-0232,led_strip,UK,2022-08-12,2023-12-05,False,48,30.98,16
B00000233,LED-DE-0233,led_strip,DE,2023-03-14,,True,46,30.48,19
B00000234,LED-US-0234,led_strip,US,2022-08-17,,True,24,31.97,19
B00000235,LED-US-0235,led_strip,US,2022-10-17,,True,45,40.52,27
B00000236,LED-IT-0236,led_strip,IT,2022-07-08,,True,36,35.4,24
B00000237,LED-US-0237,led_strip,US,2022-05-10,,True,31,43.84,18
B00000238,LED-UK-0238,led_strip,UK,2023-06-05,2025-02-24,False,41,25.05,21
B00000239,LED-UK-0239,led_strip,UK,2023-04-15,,True,24,37.7,15
B00000240,LED-US-0240,led_strip,US,2024-08-11,,True,49,33.51,24
B00000241,LED-UK-0241,led_strip,UK,2024-01-17,,True,33,34.02,19
B00000242,LED-US-0242,led_strip,US,2024-06-11,,True,41,18.21,27
B00000243,LED-ES-0243,led_strip,ES,2024-03-14,,True,37,25.26,20
B00000244,LED-US-0244,led_strip,US,2024-08-09,2025-12-02,False,39,43.12,16
B00000245,LED-DE-0245,led_strip,DE,2024-08-29,,True,17,36.25,15
B00000246,LED-US-0246,led_strip,US,2024-07-11,,True,49,41.15,29
B00000247,LED-US-0247,led_strip,US,2024-10-11,,True,19,37.49,23
B00000248,LED-DE-0248,led_strip,DE,2024-01-07,,True,43,26.16,22
B00000249,LED-US-0249,led_strip,US,2024-02-27,,True,29,44.91,13
B00000250,LED-US-0250,led_strip,US,2024-02-08,,True,39,38.84,26
B00000251,LED-DE-0251,led_strip,DE,2024-10-14,,True,19,21.9,13
B00000252,LED-US-0252,led_strip,US,2024-07-13,,True,16,43.9,28
B00000253,LED-US-0253,led_strip,US,2024-01-21,,True,37,27.59,26
B00000254,LED-CA-0254,led_strip,CA,2024-09-18,,True,46,27.28,16
B00000255,LED-CA-0255,led_strip,CA,2024-01-15,,True,37,15.93,13
B00000256,LED-US-0256,led_strip,US,2024-01-12,,True,31,40.93,29
B00000257,LED-US-0257,led_strip,US,2024-03-12,,True,18,21.11,25
B00000258,LED-US-0258,led_strip,US,2024-01-08,,True,33,28.61,26
B00000259,LED-ES-0259,led_strip,ES,2024-07-17,,True,46,23.83,14
B00000260,LED-IT-0260,led_strip,IT,2024-02-15,,True,19,29.45,26
B00000261,LED-FR-0261,led_strip,FR,2024-09-29,,True,34,22.43,23
B00000262,LED-US-0262,led_strip,US,2024-11-14,,True,30,24.31,13
B00000263,LED-US-0263,led_strip,US,2024-03-12,,True,28,35.41,29
B00000264,LED-FR-0264,led_strip,FR,2024-04-04,,True,45,35.85,17
B00000265,LED-DE-0265,led_strip,DE,2024-04-11,2025-12-02,False,18,29.42,20
B00000266,LED-UK-0266,led_strip,UK,2024-03-16,,True,32,19.27,25
B00000267,LED-CA-0267,led_strip,CA,2024-03-26,,True,26,15.29,12
B00000268,LED-UK-0268,led_strip,UK,2024-01-02,2024-12-27,False,16,25.52,12
B00000269,LED-US-0269,led_strip,US,2024-04-25,2025-10-17,False,39,32.03,18
B00000270,LED-DE-0270,led_strip,DE,2024-05-22,2025-06-16,False,48,35.11,13
B00000271,LED-US-0271,led_strip,US,2024-11-12,,True,36,32.84,14
B00000272,LED-UK-0272,led_strip,UK,2024-08-10,,True,45,36.27,20
B00000273,LED-ES-0273,led_strip,ES,2024-06-26,,True,17,39.44,26
B00000274,LED-US-0274,led_strip,US,2024-03-24,,True,43,31.43,27
B00000275,LED-US-0275,led_strip,US,2024-01-03,,True,40,28.16,20
B00000276,LED-US-0276,led_strip,US,2024-01-12,,True,22,41.15,23
B00000277,LED-UK-0277,led_strip,UK,2024-02-24,,True,21,25.11,25
B00000278,LED-US-0278,led_strip,US,2024-04-28,,True,40,31.66,23
B00000279,LED-UK-0279,led_strip,UK,2024-05-29,,True,37,44.24,16
B00000280,SMA-DE-0280,smart_light,DE,2024-07-20,,True,216,36.74,14
B00000281,SMA-US-0281,smart_light,US,2024-11-27,,True,310,54.73,28
B00000282,SMA-UK-0282,smart_light,UK,2024-01-24,,True,357,34.84,16
B00000283,SMA-US-0283,smart_light,US,2024-05-31,,True,284,54.68,29
B00000284,SMA-US-0284,smart_light,US,2024-09-06,,True,342,54.94,13
B00000285,SMA-IT-0285,smart_light,IT,2024-09-18,,True,286,31.07,18
B00000286,SMA-FR-0286,smart_light,FR,2024-09-02,,True,263,35.35,23
B00000287,SMA-US-0287,smart_light,US,2024-01-21,,True,319,29.43,26
B00000288,SMA-US-0288,smart_light,US,2024-04-09,,True,293,44.07,27
B00000289,SMA-US-0289,smart_light,US,2024-01-14,,True,254,40.5,25
B00000290,SMA-US-0290,smart_light,US,2024-02-10,,True,284,43.72,26
B00000291,SMA-DE-0291,smart_light,DE,2024-03-24,2025-04-18,False,236,46.08,13
B00000292,SMA-UK-0292,smart_light,UK,2024-01-28,,True,285,20.36,13
B00000293,SMA-US-0293,smart_light,US,2024-06-12,,True,222,29.48,24
B00000294,SMA-DE-0294,smart_light,DE,2024-01-10,,True,260,33.24,14
B00000295,SMA-UK-0295,smart_light,UK,2024-11-27,,True,224,37.24,20
B00000296,SMA-US-0296,smart_light,US,2024-06-19,,True,210,48.27,23
B00000297,SMA-US-0297,smart_light,US,2024-10-10,,True,299,49.46,22
B00000298,SMA-US-0298,smart_light,US,2024-06-13,,True,325,53.77,28
B00000299,SMA-IT-0299,smart_light,IT,2024-06-04,,True,217,54.73,26
B00000300,SMA-IT-0300,smart_light,IT,2024-11-29,2025-12-24,False,34,29.25,13
B00000301,SMA-US-0301,smart_light,US,2024-01-01,,True,58,57.36,14
B00000302,SMA-FR-0302,smart_light,FR,2024-06-27,,True,65,47.53,25
B00000303,SMA-UK-0303,smart_light,UK,2024-08-29,,True,59,20.7,22
B00000304,SMA-US-0304,smart_light,US,2024-10-11,,True,76,38.19,18
B00000305,SMA-US-0305,smart_light,US,2024-06-26,,True,41,41.29,23
B00000306,SMA-US-0306,smart_light,US,2024-05-05,,True,114,25.74,24
B00000307,SMA-IT-0307,smart_light,IT,2024-01-08,,True,95,27.53,29
B00000308,SMA-DE-0308,smart_light,DE,2024-06-05,,True,92,27.09,17
B00000309,SMA-FR-0309,smart_light,FR,2024-11-06,,True,74,47.33,22
B00000310,SMA-IT-0310,smart_light,IT,2024-05-24,,True,40,50.74,19
B00000311,SMA-US-0311,smart_light,US,2024-12-10,,True,84,56.75,25
B00000312,SMA-US-0312,smart_light,US,2024-10-13,,True,90,53.07,27
B00000313,SMA-US-0313,smart_light,US,2024-12-26,,True,117,21.93,13
B00000314,SMA-DE-0314,smart_light,DE,2024-06-17,,True,38,50.1,27
B00000315,SMA-IT-0315,smart_light,IT,2024-06-07,2026-01-28,False,98,46.02,20
B00000316,SMA-US-0316,smart_light,US,2024-05-11,,True,109,56.06,17
B00000317,SMA-UK-0317,smart_light,UK,2024-10-05,,True,40,52.71,24
B00000318,SMA-US-0318,smart_light,US,2024-11-05,,True,59,20.23,18
B00000319,SMA-ES-0319,smart_light,ES,2024-03-16,,True,79,35.22,18
B00000320,SMA-FR-0320,smart_light,FR,2024-10-31,,True,31,37.78,28
B00000321,SMA-CA-0321,smart_light,CA,2024-09-23,,True,98,45.7,14
B00000322,SMA-DE-0322,smart_light,DE,2024-09-21,,True,106,58.06,14
B00000323,SMA-IT-0323,smart_light,IT,2024-04-26,,True,77,25.96,23
B00000324,SMA-US-0324,smart_light,US,2024-10-26,,True,103,50.6,15
B00000325,SMA-DE-0325,smart_light,DE,2024-12-29,,True,47,20.73,22
B00000326,SMA-US-0326,smart_light,US,2024-12-01,,True,115,22.85,26
B00000327,SMA-ES-0327,smart_light,ES,2024-10-18,,True,47,35.2,22
B00000328,SMA-DE-0328,smart_light,DE,2024-05-20,,True,77,44.69,13
B00000329,SMA-FR-0329,smart_light,FR,2024-01-27,,True,82,41.29,26
B00000330,SMA-DE-0330,smart_light,DE,2024-04-15,,True,117,36.0,15
B00000331,SMA-US-0331,smart_light,US,2024-03-30,2026-01-19,False,101,54.38,22
B00000332,SMA-DE-0332,smart_light,DE,2024-06-07,,True,46,51.74,18
B00000333,SMA-US-0333,smart_light,US,2024-02-05,2025-04-30,False,63,52.63,15
B00000334,SMA-FR-0334,smart_light,FR,2024-06-21,,True,30,24.49,21
B00000335,SMA-FR-0335,smart_light,FR,2024-04-27,,True,45,45.86,20
B00000336,SMA-US-0336,smart_light,US,2024-04-30,,True,51,34.14,21
B00000337,SMA-DE-0337,smart_light,DE,2024-10-19,,True,68,52.9,15
B00000338,SMA-US-0338,smart_light,US,2024-07-20,,True,43,50.67,29
B00000339,SMA-US-0339,smart_light,US,2024-08-29,,True,107,49.47,16
B00000340,SMA-DE-0340,smart_light,DE,2024-04-28,,True,15,27.14,28
B00000341,SMA-US-0341,smart_light,US,2024-06-08,,True,17,29.28,22
B00000342,SMA-US-0342,smart_light,US,2024-09-10,,True,23,43.88,13
B00000343,SMA-US-0343,smart_light,US,2024-02-11,,True,16,20.63,18
B00000344,SMA-US-0344,smart_light,US,2024-10-28,,True,14,43.14,15
B00000345,SMA-FR-0345,smart_light,FR,2024-02-05,,True,17,43.83,19
B00000346,SMA-CA-0346,smart_light,CA,2024-12-18,,True,10,34.2,17
B00000347,SMA-US-0347,smart_light,US,2024-02-18,,True,22,22.8,13
B00000348,SMA-UK-0348,smart_light,UK,2024-09-20,,True,23,43.71,17
B00000349,SMA-US-0349,smart_light,US,2024-10-26,,True,16,22.09,14
B00000350,SMA-CA-0350,smart_light,CA,2024-04-11,,True,18,59.82,28
B00000351,SMA-US-0351,smart_light,US,2024-04-25,,True,29,23.55,19
B00000352,SMA-ES-0352,smart_light,ES,2024-10-13,,True,20,28.04,26
B00000353,SMA-US-0353,smart_light,US,2024-06-06,,True,15,20.05,27
B00000354,SMA-CA-0354,smart_light,CA,2024-05-15,,True,17,29.39,14
B00000355,SMA-US-0355,smart_light,US,2024-04-13,,True,14,50.74,16
B00000356,SMA-CA-0356,smart_light,CA,2024-10-12,,True,25,30.28,17
B00000357,SMA-US-0357,smart_light,US,2024-10-14,,True,12,40.27,12
B00000358,SMA-US-0358,smart_light,US,2024-05-21,,True,16,30.52,15
B00000359,SMA-US-0359,smart_light,US,2024-12-06,,True,15,42.15,13
B00000360,SMA-DE-0360,smart_light,DE,2024-06-28,,True,25,26.47,15
B00000361,SMA-US-0361,smart_light,US,2024-05-22,,True,17,40.05,16
B00000362,SMA-UK-0362,smart_light,UK,2024-06-14,,True,23,45.12,29
B00000363,SMA-US-0363,smart_light,US,2024-06-06,,True,25,52.24,25
B00000364,SMA-US-0364,smart_light,US,2024-01-14,,True,12,20.92,20
B00000365,SMA-UK-0365,smart_light,UK,2024-07-24,,True,26,45.64,29
B00000366,SMA-US-0366,smart_light,US,2024-10-07,,True,21,39.48,12
B00000367,SMA-DE-0367,smart_light,DE,2024-11-05,,True,19,26.99,25
B00000368,SMA-US-0368,smart_light,US,2024-01-25,,True,9,22.73,24
B00000369,SMA-ES-0369,smart_light,ES,2024-01-25,,True,20,58.52,26
B00000370,SMA-US-0370,smart_light,US,2024-10-14,,True,27,57.46,24
B00000371,SMA-DE-0371,smart_light,DE,2024-11-11,,True,9,20.01,17
B00000372,SMA-DE-0372,smart_light,DE,2024-05-09,,True,10,38.39,16
B00000373,SMA-DE-0373,smart_light,DE,2024-09-23,,True,23,22.31,29
B00000374,SMA-US-0374,smart_light,US,2024-03-23,2025-11-13,False,15,24.86,20
B00000375,SMA-US-0375,smart_light,US,2024-09-19,,True,21,47.66,27
B00000376,SMA-UK-0376,smart_light,UK,2024-09-16,,True,13,29.16,18
B00000377,SMA-US-0377,smart_light,US,2024-11-03,,True,11,37.04,15
B00000378,SMA-US-0378,smart_light,US,2024-04-25,,True,26,36.57,14
B00000379,SMA-FR-0379,smart_light,FR,2024-08-16,2025-12-09,False,19,36.65,16
B00000380,SMA-DE-0380,smart_light,DE,2024-09-02,,True,11,50.41,17
B00000381,SMA-US-0381,smart_light,US,2024-03-05,,True,14,20.48,24
B00000382,SMA-US-0382,smart_light,US,2024-07-31,,True,9,22.58,29
B00000383,SMA-US-0383,smart_light,US,2024-07-06,,True,26,38.18,22
B00000384,SMA-US-0384,smart_light,US,2024-07-01,,True,22,29.74,15
B00000385,SMA-US-0385,smart_light,US,2024-08-14,,True,27,44.56,20
B00000386,SMA-US-0386,smart_light,US,2024-02-11,,True,25,58.21,21
B00000387,SMA-US-0387,smart_light,US,2024-05-08,,True,26,30.19,13
B00000388,SMA-ES-0388,smart_light,ES,2024-11-09,,True,22,38.46,19
B00000389,SMA-DE-0389,smart_light,DE,2024-10-16,,True,22,55.8,19
B00000390,SMA-IT-0390,smart_light,IT,2024-03-19,,True,19,22.67,28
B00000391,SMA-UK-0391,smart_light,UK,2024-03-09,,True,9,47.21,23
B00000392,SMA-US-0392,smart_light,US,2024-03-27,,True,11,52.09,22
B00000393,SMA-US-0393,smart_light,US,2024-01-17,,True,18,35.5,16
B00000394,SMA-US-0394,smart_light,US,2024-08-15,,True,28,58.83,22
B00000395,SMA-US-0395,smart_light,US,2024-01-28,,True,26,41.98,22
B00000396,SMA-US-0396,smart_light,US,2024-01-08,2025-09-29,False,29,23.29,21
B00000397,SMA-UK-0397,smart_light,UK,2024-08-10,,True,22,50.77,19
B00000398,SMA-UK-0398,smart_light,UK,2024-02-18,,True,22,50.99,15
B00000399,SMA-US-0399,smart_light,US,2024-04-28,,True,11,32.89,29
B00000400,SMA-US-0400,smart_light,US,2024-12-12,,True,19,24.56,19
B00000401,SMA-US-0401,smart_light,US,2024-06-08,,True,22,52.47,27
B00000402,SMA-US-0402,smart_light,US,2024-01-11,,True,13,57.12,21
B00000403,SMA-IT-0403,smart_light,IT,2024-06-01,,True,21,37.58,19
B00000404,SMA-DE-0404,smart_light,DE,2024-10-04,,True,27,27.9,23
B00000405,SMA-US-0405,smart_light,US,2024-05-01,,True,14,56.76,18
B00000406,SMA-US-0406,smart_light,US,2024-05-28,,True,12,42.31,19
B00000407,SMA-US-0407,smart_light,US,2024-08-11,,True,24,32.8,22
B00000408,SMA-UK-0408,smart_light,UK,2024-12-10,,True,11,26.59,24
B00000409,SMA-US-0409,smart_light,US,2024-10-09,,True,19,28.54,29
B00000410,SMA-DE-0410,smart_light,DE,2024-03-28,,True,20,49.31,23
B00000411,SMA-DE-0411,smart_light,DE,2024-07-07,,True,20,31.9,12
B00000412,SMA-DE-0412,smart_light,DE,2024-01-30,,True,18,55.09,18
B00000413,SMA-US-0413,smart_light,US,2024-05-15,,True,26,42.32,21
B00000414,SMA-US-0414,smart_light,US,2024-12-29,,True,14,55.26,16
B00000415,SMA-US-0415,smart_light,US,2024-08-11,,True,15,46.3,21
B00000416,SMA-US-0416,smart_light,US,2024-10-28,,True,23,44.6,18
B00000417,SMA-US-0417,smart_light,US,2024-04-21,,True,20,41.55,24
B00000418,SMA-FR-0418,smart_light,FR,2024-08-21,,True,13,49.83,23
B00000419,SMA-US-0419,smart_light,US,2024-01-20,,True,18,53.68,22
B00000420,SMA-US-0420,smart_light,US,2024-07-29,2025-11-21,False,22,35.42,16
B00000421,SMA-UK-0421,smart_light,UK,2024-01-24,2025-03-19,False,9,46.52,14
B00000422,SMA-US-0422,smart_light,US,2024-12-24,,True,16,44.78,21
B00000423,SMA-DE-0423,smart_light,DE,2024-02-26,,True,21,23.72,24
B00000424,SMA-US-0424,smart_light,US,2024-01-04,,True,13,24.17,25
B00000425,SMA-US-0425,smart_light,US,2024-09-10,,True,9,44.09,13
B00000426,SMA-UK-0426,smart_light,UK,2024-10-31,,True,23,25.96,25
B00000427,SMA-US-0427,smart_light,US,2024-03-16,,True,19,53.01,17
B00000428,SMA-DE-0428,smart_light,DE,2024-06-21,2025-09-14,False,13,49.42,15
B00000429,SMA-DE-0429,smart_light,DE,2024-11-14,,True,24,43.93,28
B00000430,SMA-US-0430,smart_light,US,2024-11-08,,True,22,26.94,24
B00000431,SMA-US-0431,smart_light,US,2024-05-27,,True,23,27.13,27
B00000432,SMA-US-0432,smart_light,US,2024-02-16,,True,24,49.89,25
B00000433,SMA-ES-0433,smart_light,ES,2024-03-30,,True,20,28.12,27
B00000434,SMA-US-0434,smart_light,US,2024-05-17,,True,23,26.61,29
B00000435,SMA-US-0435,smart_light,US,2024-12-15,,True,28,47.91,24
B00000436,SMA-US-0436,smart_light,US,2024-02-20,,True,16,29.02,21
B00000437,SMA-FR-0437,smart_light,FR,2024-11-15,,True,18,39.24,16
B00000438,SMA-US-0438,smart_light,US,2024-07-10,,True,10,45.25,16
B00000439,SMA-DE-0439,smart_light,DE,2024-10-21,,True,25,56.38,29
B00000440,SMA-UK-0440,smart_light,UK,2024-04-09,2025-09-01,False,11,29.01,17
B00000441,SMA-CA-0441,smart_light,CA,2024-02-26,2025-05-21,False,9,31.31,15
B00000442,SMA-UK-0442,smart_light,UK,2024-12-07,,True,28,29.88,18
B00000443,SMA-ES-0443,smart_light,ES,2024-04-29,,True,18,50.38,21
B00000444,SMA-IT-0444,smart_light,IT,2024-07-23,2025-12-15,False,9,39.5,17
B00000445,SMA-UK-0445,smart_light,UK,2024-03-24,,True,11,56.26,29
B00000446,SMA-DE-0446,smart_light,DE,2024-07-14,,True,16,36.44,29
B00000447,SMA-US-0447,smart_light,US,2024-05-06,,True,22,20.87,26
B00000448,SMA-FR-0448,smart_light,FR,2024-05-27,,True,17,55.29,26
B00000449,SMA-US-0449,smart_light,US,2024-06-02,,True,22,51.51,23
B00000450,SMA-IT-0450,smart_light,IT,2024-06-13,,True,24,25.8,29
B00000451,SMA-DE-0451,smart_light,DE,2024-10-31,,True,11,33.98,23
B00000452,SMA-US-0452,smart_light,US,2024-06-26,,True,23,23.55,15
B00000453,SMA-US-0453,smart_light,US,2024-10-15,,True,13,59.22,28
B00000454,SMA-US-0454,smart_light,US,2024-01-28,2025-11-18,False,20,48.31,22
B00000455,SMA-UK-0455,smart_light,UK,2024-07-16,,True,28,26.63,13
B00000456,SMA-DE-0456,smart_light,DE,2024-04-21,2025-05-16,False,18,54.48,13
B00000457,SMA-US-0457,smart_light,US,2024-06-15,,True,19,22.49,23
B00000458,SMA-UK-0458,smart_light,UK,2024-02-28,,True,19,51.76,21
B00000459,SMA-US-0459,smart_light,US,2024-02-01,,True,24,41.79,18
B00000460,SMA-US-0460,smart_light,US,2024-08-01,,True,27,28.2,26
B00000461,SMA-US-0461,smart_light,US,2024-08-01,,True,18,29.55,25
B00000462,SMA-US-0462,smart_light,US,2024-02-27,,True,10,21.09,28
B00000463,SMA-US-0463,smart_light,US,2024-09-10,,True,19,41.55,14
B00000464,SMA-US-0464,smart_light,US,2024-09-18,,True,26,46.27,18
B00000465,SMA-US-0465,smart_light,US,2024-06-26,,True,29,51.02,22
B00000466,SMA-US-0466,smart_light,US,2024-09-24,,True,16,23.76,21
B00000467,SMA-DE-0467,smart_light,DE,2024-10-23,,True,22,32.49,15
B00000468,SMA-DE-0468,smart_light,DE,2024-08-25,,True,18,40.81,19
B00000469,SMA-US-0469,smart_light,US,2024-09-24,,True,28,54.29,13
B00000470,SMA-US-0470,smart_light,US,2024-04-23,,True,11,59.34,22
B00000471,SMA-US-0471,smart_light,US,2024-05-08,,True,12,46.17,19
B00000472,SMA-US-0472,smart_light,US,2024-09-16,,True,26,58.71,17
B00000473,SMA-US-0473,smart_light,US,2024-05-16,,True,15,49.59,23
B00000474,SMA-US-0474,smart_light,US,2024-05-08,,True,23,59.36,24
B00000475,SMA-IT-0475,smart_light,IT,2024-09-25,,True,17,55.28,13
B00000476,SMA-UK-0476,smart_light,UK,2024-09-03,,True,24,41.1,16
B00000477,SMA-DE-0477,smart_light,DE,2024-06-02,,True,15,33.47,16
B00000478,SMA-FR-0478,smart_light,FR,2024-05-13,,True,27,59.52,23
B00000479,SMA-DE-0479,smart_light,DE,2024-12-29,,True,14,32.56,23
B00000480,TV_-US-0480,tv_backlight,US,2025-05-11,,True,176,35.06,23
B00000481,TV_-US-0481,tv_backlight,US,2025-10-04,,True,171,32.2,12
B00000482,TV_-US-0482,tv_backlight,US,2025-02-10,,True,242,30.74,26
B00000483,TV_-DE-0483,tv_backlight,DE,2025-10-06,,True,260,42.32,27
B00000484,TV_-FR-0484,tv_backlight,FR,2025-04-18,,True,188,50.31,22
B00000485,TV_-ES-0485,tv_backlight,ES,2025-10-16,,True,197,28.19,27
B00000486,TV_-US-0486,tv_backlight,US,2025-09-05,,True,278,30.25,26
B00000487,TV_-DE-0487,tv_backlight,DE,2025-05-04,,True,191,50.11,12
B00000488,TV_-US-0488,tv_backlight,US,2025-07-10,,True,226,45.82,14
B00000489,TV_-UK-0489,tv_backlight,UK,2025-10-21,,True,154,31.38,26
B00000490,TV_-US-0490,tv_backlight,US,2025-04-27,,True,285,47.78,25
B00000491,TV_-US-0491,tv_backlight,US,2025-02-08,,True,249,48.65,20
B00000492,TV_-US-0492,tv_backlight,US,2025-07-29,,True,25,51.23,12
B00000493,TV_-US-0493,tv_backlight,US,2025-04-01,,True,59,38.41,13
B00000494,TV_-US-0494,tv_backlight,US,2025-04-10,,True,55,28.87,19
B00000495,TV_-DE-0495,tv_backlight,DE,2025-11-30,,True,80,26.26,28
B00000496,TV_-US-0496,tv_backlight,US,2025-06-03,,True,89,33.4,17
B00000497,TV_-US-0497,tv_backlight,US,2025-03-24,,True,81,52.32,25
B00000498,TV_-US-0498,tv_backlight,US,2025-07-20,,True,79,53.88,24
B00000499,TV_-US-0499,tv_backlight,US,2025-09-08,,True,41,38.5,26
B00000500,TV_-UK-0500,tv_backlight,UK,2025-11-13,,True,43,27.9,15
B00000501,TV_-US-0501,tv_backlight,US,2025-11-16,,True,47,39.06,12
B00000502,TV_-US-0502,tv_backlight,US,2025-07-22,,True,79,31.79,14
B00000503,TV_-UK-0503,tv_backlight,UK,2025-02-10,,True,90,26.93,15
B00000504,TV_-US-0504,tv_backlight,US,2025-01-02,,True,50,34.91,20
B00000505,TV_-UK-0505,tv_backlight,UK,2025-04-30,,True,84,32.19,27
B00000506,TV_-US-0506,tv_backlight,US,2025-06-07,,True,99,42.48,23
B00000507,TV_-US-0507,tv_backlight,US,2025-02-19,,True,41,32.57,16
B00000508,TV_-US-0508,tv_backlight,US,2025-06-21,,True,64,47.13,12
B00000509,TV_-US-0509,tv_backlight,US,2025-12-31,,True,29,51.06,15
B00000510,TV_-US-0510,tv_backlight,US,2025-03-06,,True,57,40.52,19
B00000511,TV_-US-0511,tv_backlight,US,2025-11-28,,True,35,38.93,23
B00000512,TV_-DE-0512,tv_backlight,DE,2025-05-27,,True,58,53.44,19
B00000513,TV_-US-0513,tv_backlight,US,2025-06-06,,True,34,45.29,15
B00000514,TV_-DE-0514,tv_backlight,DE,2025-09-17,,True,73,39.63,23
B00000515,TV_-FR-0515,tv_backlight,FR,2025-07-13,,True,98,39.19,13
B00000516,TV_-US-0516,tv_backlight,US,2025-03-13,,True,11,27.13,17
B00000517,TV_-US-0517,tv_backlight,US,2025-03-02,,True,23,43.12,23
B00000518,TV_-US-0518,tv_backlight,US,2025-12-31,,True,13,54.15,21
B00000519,TV_-US-0519,tv_backlight,US,2025-08-29,,True,18,30.88,14
B00000520,TV_-CA-0520,tv_backlight,CA,2025-08-25,,True,7,40.5,28
B00000521,TV_-US-0521,tv_backlight,US,2025-10-29,,True,8,31.57,28
B00000522,TV_-UK-0522,tv_backlight,UK,2025-12-31,,True,21,35.17,12
B00000523,TV_-DE-0523,tv_backlight,DE,2025-07-11,,True,23,33.8,21
B00000524,TV_-UK-0524,tv_backlight,UK,2025-09-22,,True,21,33.54,16
B00000525,TV_-DE-0525,tv_backlight,DE,2025-10-04,,True,8,42.24,18
B00000526,TV_-ES-0526,tv_backlight,ES,2025-07-11,,True,15,26.35,22
B00000527,TV_-US-0527,tv_backlight,US,2025-05-07,,True,14,29.96,25
B00000528,TV_-US-0528,tv_backlight,US,2025-01-19,,True,19,51.47,23
B00000529,TV_-US-0529,tv_backlight,US,2025-04-19,,True,12,45.24,23
B00000530,TV_-US-0530,tv_backlight,US,2025-03-31,,True,20,53.62,18
B00000531,TV_-UK-0531,tv_backlight,UK,2025-06-02,,True,12,26.53,25
B00000532,TV_-UK-0532,tv_backlight,UK,2025-08-03,,True,19,43.11,28
B00000533,TV_-US-0533,tv_backlight,US,2025-11-20,,True,13,38.69,12
B00000534,TV_-DE-0534,tv_backlight,DE,2025-05-27,,True,20,37.57,26
B00000535,TV_-DE-0535,tv_backlight,DE,2025-08-13,,True,13,27.41,23
B00000536,TV_-US-0536,tv_backlight,US,2025-09-15,,True,23,44.39,20
B00000537,TV_-UK-0537,tv_backlight,UK,2025-09-23,,True,23,44.08,25
B00000538,TV_-DE-0538,tv_backlight,DE,2025-12-31,,True,20,51.21,18
B00000539,TV_-US-0539,tv_backlight,US,2025-06-04,,True,22,40.9,13
B00000540,TV_-DE-0540,tv_backlight,DE,2025-12-16,,True,19,49.6,19
B00000541,TV_-CA-0541,tv_backlight,CA,2025-09-25,,True,8,38.47,14
B00000542,TV_-US-0542,tv_backlight,US,2025-12-23,,True,15,31.48,28
B00000543,TV_-US-0543,tv_backlight,US,2025-10-21,,True,19,37.9,22
B00000544,TV_-US-0544,tv_backlight,US,2025-12-31,,True,21,34.19,20
B00000545,TV_-DE-0545,tv_backlight,DE,2025-07-07,,True,21,48.95,23
B00000546,TV_-ES-0546,tv_backlight,ES,2025-06-05,,True,15,52.5,23
B00000547,TV_-US-0547,tv_backlight,US,2025-12-26,,True,13,42.47,22
B00000548,TV_-DE-0548,tv_backlight,DE,2025-11-09,,True,16,36.79,15
B00000549,TV_-US-0549,tv_backlight,US,2025-10-17,,True,8,44.37,16
B00000550,TV_-DE-0550,tv_backlight,DE,2025-11-17,,True,13,53.4,12
B00000551,TV_-UK-0551,tv_backlight,UK,2025-07-21,,True,13,44.11,29
B00000552,TV_-US-0552,tv_backlight,US,2025-05-06,,True,19,34.34,22
B00000553,TV_-DE-0553,tv_backlight,DE,2025-11-21,,True,11,35.94,19
B00000554,TV_-FR-0554,tv_backlight,FR,2025-07-23,,True,19,38.62,17
B00000555,TV_-UK-0555,tv_backlight,UK,2025-12-31,,True,7,39.57,29
B00000556,TV_-US-0556,tv_backlight,US,2025-03-08,,True,9,29.07,22
B00000557,TV_-CA-0557,tv_backlight,CA,2025-12-29,,True,12,36.86,21
B00000558,TV_-DE-0558,tv_backlight,DE,2025-05-05,,True,9,39.64,26
B00000559,TV_-US-0559,tv_backlight,US,2025-05-02,,True,12,53.68,16
B00000560,TV_-US-0560,tv_backlight,US,2025-03-28,,True,21,43.09,17
B00000561,TV_-US-0561,tv_backlight,US,2025-12-31,,True,10,43.21,24
B00000562,TV_-US-0562,tv_backlight,US,2025-04-19,,True,24,48.21,27
B00000563,TV_-US-0563,tv_backlight,US,2025-11-01,,True,20,41.25,24
B00000564,TV_-FR-0564,tv_backlight,FR,2025-12-31,,True,12,34.07,14
B00000565,TV_-FR-0565,tv_backlight,FR,2025-02-20,,True,19,40.22,28
B00000566,TV_-US-0566,tv_backlight,US,2025-01-21,,True,17,49.92,23
B00000567,TV_-CA-0567,tv_backlight,CA,2025-12-31,,True,21,29.52,14
B00000568,TV_-UK-0568,tv_backlight,UK,2025-09-30,,True,18,51.41,14
B00000569,TV_-FR-0569,tv_backlight,FR,2025-09-06,,True,10,46.92,16
B00000570,TV_-DE-0570,tv_backlight,DE,2025-01-05,,True,23,46.33,28
B00000571,TV_-US-0571,tv_backlight,US,2025-03-05,,True,16,46.66,13
B00000572,TV_-DE-0572,tv_backlight,DE,2025-05-20,,True,8,41.48,22
B00000573,TV_-CA-0573,tv_backlight,CA,2025-07-03,,True,24,51.31,20
B00000574,TV_-US-0574,tv_backlight,US,2025-01-17,,True,20,27.81,27
B00000575,TV_-DE-0575,tv_backlight,DE,2025-03-11,,True,11,33.57,15
B00000576,TV_-US-0576,tv_backlight,US,2025-08-04,,True,23,43.17,26
B00000577,TV_-US-0577,tv_backlight,US,2025-08-30,,True,24,50.97,28
B00000578,TV_-US-0578,tv_backlight,US,2025-03-23,,True,17,47.94,26
B00000579,TV_-DE-0579,tv_backlight,DE,2025-12-31,,True,9,31.01,14
B00000580,TV_-US-0580,tv_backlight,US,2025-04-26,,True,22,38.17,24
B00000581,TV_-FR-0581,tv_backlight,FR,2025-12-18,,True,22,26.87,19
B00000582,TV_-FR-0582,tv_backlight,FR,2025-11-21,,True,11,54.15,24
B00000583,TV_-US-0583,tv_backlight,US,2025-07-27,,True,19,39.31,29
B00000584,TV_-IT-0584,tv_backlight,IT,2025-06-20,,True,9,45.78,14
B00000585,TV_-US-0585,tv_backlight,US,2025-05-06,,True,13,49.59,27
B00000586,TV_-US-0586,tv_backlight,US,2025-02-04,,True,11,54.72,26
B00000587,TV_-UK-0587,tv_backlight,UK,2025-10-09,,True,7,27.69,28
B00000588,TV_-US-0588,tv_backlight,US,2025-03-08,,True,18,35.25,12
B00000589,TV_-US-0589,tv_backlight,US,2025-02-06,,True,20,47.6,24
B00000590,TV_-FR-0590,tv_backlight,FR,2025-05-08,,True,22,47.98,20
B00000591,TV_-US-0591,tv_backlight,US,2025-07-13,,True,20,36.97,19
B00000592,TV_-US-0592,tv_backlight,US,2025-12-31,,True,8,37.21,15
B00000593,TV_-DE-0593,tv_backlight,DE,2025-12-21,,True,21,28.33,19
B00000594,TV_-US-0594,tv_backlight,US,2025-06-22,,True,9,25.18,13
B00000595,TV_-IT-0595,tv_backlight,IT,2025-12-24,,True,9,45.45,27
B00000596,TV_-DE-0596,tv_backlight,DE,2025-06-11,,True,15,32.27,21
B00000597,TV_-US-0597,tv_backlight,US,2025-11-18,,True,19,46.3,13
B00000598,TV_-US-0598,tv_backlight,US,2025-10-17,,True,12,37.04,18
B00000599,TV_-ES-0599,tv_backlight,ES,2025-04-30,,True,11,39.29,18
B00000600,OUT-US-0600,outdoor_light,US,2025-08-21,,True,162,60.17,24
B00000601,OUT-DE-0601,outdoor_light,DE,2025-11-09,,True,224,65.99,28
B00000602,OUT-US-0602,outdoor_light,US,2025-03-15,,True,186,71.07,21
B00000603,OUT-DE-0603,outdoor_light,DE,2025-05-28,,True,205,42.1,29
B00000604,OUT-DE-0604,outdoor_light,DE,2025-02-22,,True,182,57.63,26
B00000605,OUT-UK-0605,outdoor_light,UK,2025-07-24,,True,179,43.57,19
B00000606,OUT-US-0606,outdoor_light,US,2025-10-17,,True,206,71.19,29
B00000607,OUT-DE-0607,outdoor_light,DE,2025-12-27,,True,132,50.12,23
B00000608,OUT-US-0608,outdoor_light,US,2025-08-29,,True,62,43.81,29
B00000609,OUT-US-0609,outdoor_light,US,2025-12-09,,True,40,53.35,29
B00000610,OUT-DE-0610,outdoor_light,DE,2025-12-31,,True,27,71.34,22
B00000611,OUT-US-0611,outdoor_light,US,2025-05-17,,True,67,45.67,13
B00000612,OUT-UK-0612,outdoor_light,UK,2025-11-03,,True,42,51.12,24
B00000613,OUT-US-0613,outdoor_light,US,2025-02-25,,True,26,63.76,23
B00000614,OUT-US-0614,outdoor_light,US,2025-08-06,,True,70,76.51,12
B00000615,OUT-US-0615,outdoor_light,US,2025-12-31,,True,62,38.35,26
B00000616,OUT-DE-0616,outdoor_light,DE,2025-01-13,,True,65,78.3,16
B00000617,OUT-US-0617,outdoor_light,US,2025-09-30,,True,37,65.13,15
B00000618,OUT-DE-0618,outdoor_light,DE,2025-01-21,,True,26,79.97,23
B00000619,OUT-US-0619,outdoor_light,US,2025-10-31,,True,45,55.02,18
B00000620,OUT-US-0620,outdoor_light,US,2025-10-30,,True,42,40.44,27
B00000621,OUT-US-0621,outdoor_light,US,2025-08-24,,True,66,32.62,20
B00000622,OUT-US-0622,outdoor_light,US,2025-07-29,,True,71,71.11,16
B00000623,OUT-US-0623,outdoor_light,US,2025-01-16,,True,48,62.87,20
B00000624,OUT-US-0624,outdoor_light,US,2025-04-10,,True,6,67.7,24
B00000625,OUT-DE-0625,outdoor_light,DE,2025-12-31,,True,16,62.58,19
B00000626,OUT-US-0626,outdoor_light,US,2025-01-28,,True,11,62.24,17
B00000627,OUT-US-0627,outdoor_light,US,2025-11-06,,True,10,74.51,12
B00000628,OUT-US-0628,outdoor_light,US,2025-08-15,,True,7,32.9,24
B00000629,OUT-DE-0629,outdoor_light,DE,2025-05-18,,True,15,34.99,23
B00000630,OUT-CA-0630,outdoor_light,CA,2025-01-13,,True,17,75.55,16
B00000631,OUT-US-0631,outdoor_light,US,2025-12-03,,True,6,77.44,15
B00000632,OUT-US-0632,outdoor_light,US,2025-12-31,,True,18,46.51,26
B00000633,OUT-US-0633,outdoor_light,US,2025-12-31,,True,6,73.88,22
B00000634,OUT-US-0634,outdoor_light,US,2025-12-12,,True,12,68.12,17
B00000635,OUT-US-0635,outdoor_light,US,2025-09-29,,True,7,40.99,26
B00000636,OUT-US-0636,outdoor_light,US,2025-10-10,,True,17,68.51,21
B00000637,OUT-US-0637,outdoor_light,US,2025-06-11,,True,6,43.28,16
B00000638,OUT-US-0638,outdoor_light,US,2025-06-02,,True,9,66.95,12
B00000639,OUT-US-0639,outdoor_light,US,2025-11-09,,True,10,30.07,23
B00000640,OUT-CA-0640,outdoor_light,CA,2025-05-15,,True,6,72.35,15
B00000641,OUT-UK-0641,outdoor_light,UK,2025-11-27,,True,16,69.16,19
B00000642,OUT-DE-0642,outdoor_light,DE,2025-02-14,,True,15,74.97,15
B00000643,OUT-US-0643,outdoor_light,US,2025-06-06,,True,12,60.16,13
B00000644,OUT-FR-0644,outdoor_light,FR,2025-05-04,,True,19,32.89,23
B00000645,OUT-US-0645,outdoor_light,US,2025-12-31,,True,15,56.54,16
B00000646,OUT-FR-0646,outdoor_light,FR,2025-11-27,,True,16,58.06,26
B00000647,OUT-UK-0647,outdoor_light,UK,2025-01-17,,True,18,60.99,23
B00000648,OUT-US-0648,outdoor_light,US,2025-01-25,,True,9,45.76,21
B00000649,OUT-US-0649,outdoor_light,US,2025-06-30,,True,11,61.8,19
B00000650,OUT-US-0650,outdoor_light,US,2025-11-17,,True,10,77.37,28
B00000651,OUT-US-0651,outdoor_light,US,2025-07-07,,True,15,33.03,26
B00000652,OUT-ES-0652,outdoor_light,ES,2025-10-09,,True,12,76.53,28
B00000653,OUT-US-0653,outdoor_light,US,2025-12-27,,True,11,32.23,22
B00000654,OUT-FR-0654,outdoor_light,FR,2025-08-14,,True,19,47.71,26
B00000655,OUT-US-0655,outdoor_light,US,2025-02-15,,True,19,61.05,16
B00000656,OUT-US-0656,outdoor_light,US,2025-07-29,,True,12,57.33,25
B00000657,OUT-UK-0657,outdoor_light,UK,2025-08-10,,True,12,38.29,14
B00000658,OUT-US-0658,outdoor_light,US,2025-08-23,,True,19,72.18,23
B00000659,OUT-US-0659,outdoor_light,US,2025-11-29,,True,9,72.69,29
B00000660,OUT-UK-0660,outdoor_light,UK,2025-03-11,,True,19,39.85,20
B00000661,OUT-US-0661,outdoor_light,US,2025-02-17,,True,12,42.98,23
B00000662,OUT-CA-0662,outdoor_light,CA,2025-01-19,,True,19,61.12,17
B00000663,OUT-US-0663,outdoor_light,US,2025-09-17,,True,18,69.63,23
B00000664,OUT-DE-0664,outdoor_light,DE,2025-12-20,,True,13,78.01,28
B00000665,OUT-UK-0665,outdoor_light,UK,2025-09-04,,True,12,38.08,19
B00000666,OUT-DE-0666,outdoor_light,DE,2025-12-18,,True,14,42.37,15
B00000667,OUT-US-0667,outdoor_light,US,2025-02-08,,True,13,38.13,28
B00000668,OUT-US-0668,outdoor_light,US,2025-12-08,,True,6,30.61,23
B00000669,OUT-US-0669,outdoor_light,US,2025-04-11,,True,6,70.24,21
B00000670,OUT-US-0670,outdoor_light,US,2025-06-19,,True,16,72.4,19
B00000671,OUT-FR-0671,outdoor_light,FR,2025-04-01,,True,11,42.29,16
B00000672,OUT-CA-0672,outdoor_light,CA,2025-12-30,,True,18,30.02,24
B00000673,OUT-US-0673,outdoor_light,US,2025-09-05,,True,6,79.66,13
B00000674,OUT-UK-0674,outdoor_light,UK,2025-04-03,,True,11,48.59,18
B00000675,OUT-UK-0675,outdoor_light,UK,2025-04-27,,True,12,32.89,14
B00000676,OUT-DE-0676,outdoor_light,DE,2025-12-12,,True,19,61.1,25
B00000677,OUT-ES-0677,outdoor_light,ES,2025-12-15,,True,9,62.83,29
B00000678,OUT-US-0678,outdoor_light,US,2025-02-27,,True,6,78.72,24
B00000679,OUT-US-0679,outdoor_light,US,2025-11-11,,True,9,67.59,22
B00000680,SMA-UK-0680,smart_sensor,UK,2025-07-12,,True,151,18.7,28
B00000681,SMA-US-0681,smart_sensor,US,2025-08-09,,True,129,29.54,15
B00000682,SMA-US-0682,smart_sensor,US,2025-05-29,,True,165,23.16,14
B00000683,SMA-US-0683,smart_sensor,US,2025-04-19,,True,175,37.35,18
B00000684,SMA-US-0684,smart_sensor,US,2025-02-09,,True,160,25.49,16
B00000685,SMA-US-0685,smart_sensor,US,2025-12-28,,True,108,28.61,26
B00000686,SMA-UK-0686,smart_sensor,UK,2025-12-31,,True,143,22.39,20
B00000687,SMA-US-0687,smart_sensor,US,2025-02-15,,True,18,16.78,25
B00000688,SMA-US-0688,smart_sensor,US,2025-09-28,,True,33,27.67,14
B00000689,SMA-DE-0689,smart_sensor,DE,2025-10-07,,True,47,16.19,19
B00000690,SMA-DE-0690,smart_sensor,DE,2025-01-24,,True,38,35.62,21
B00000691,SMA-US-0691,smart_sensor,US,2025-06-30,,True,20,15.94,24
B00000692,SMA-DE-0692,smart_sensor,DE,2025-11-14,,True,33,15.0,20
B00000693,SMA-ES-0693,smart_sensor,ES,2025-02-23,,True,58,16.37,17
B00000694,SMA-DE-0694,smart_sensor,DE,2025-12-31,,True,28,22.6,18
B00000695,SMA-UK-0695,smart_sensor,UK,2025-01-03,,True,28,19.78,26
B00000696,SMA-UK-0696,smart_sensor,UK,2025-08-27,,True,34,36.21,20
B00000697,SMA-ES-0697,smart_sensor,ES,2025-11-02,,True,51,32.82,16
B00000698,SMA-US-0698,smart_sensor,US,2025-07-25,,True,51,37.55,27
B00000699,SMA-US-0699,smart_sensor,US,2025-02-08,,True,32,33.86,27
B00000700,SMA-UK-0700,smart_sensor,UK,2025-05-29,,True,5,31.53,19
B00000701,SMA-IT-0701,smart_sensor,IT,2025-10-14,,True,6,32.73,21
B00000702,SMA-FR-0702,smart_sensor,FR,2025-09-12,,True,11,21.72,20
B00000703,SMA-US-0703,smart_sensor,US,2025-08-02,,True,7,30.04,28
B00000704,SMA-US-0704,smart_sensor,US,2025-06-02,,True,9,17.56,16
B00000705,SMA-US-0705,smart_sensor,US,2025-08-05,,True,9,39.31,15
B00000706,SMA-DE-0706,smart_sensor,DE,2025-07-13,,True,5,19.5,19
B00000707,SMA-UK-0707,smart_sensor,UK,2025-07-17,,True,5,18.05,12
B00000708,SMA-US-0708,smart_sensor,US,2025-05-06,,True,5,15.77,28
B00000709,SMA-US-0709,smart_sensor,US,2025-03-14,,True,11,20.33,24
B00000710,SMA-DE-0710,smart_sensor,DE,2025-09-02,,True,12,17.97,14
B00000711,SMA-DE-0711,smart_sensor,DE,2025-12-31,,True,10,25.88,26
B00000712,SMA-ES-0712,smart_sensor,ES,2025-12-03,,True,9,27.06,14
B00000713,SMA-US-0713,smart_sensor,US,2025-12-18,,True,4,24.61,15
B00000714,SMA-US-0714,smart_sensor,US,2025-12-31,,True,11,15.29,14
B00000715,SMA-US-0715,smart_sensor,US,2025-09-27,,True,6,25.94,13
B00000716,SMA-US-0716,smart_sensor,US,2025-11-11,,True,14,28.66,17
B00000717,SMA-US-0717,smart_sensor,US,2025-12-05,,True,9,22.72,12
B00000718,SMA-US-0718,smart_sensor,US,2025-01-13,,True,10,35.0,27
B00000719,SMA-US-0719,smart_sensor,US,2025-07-23,,True,13,18.29,27
B00000720,SMA-US-0720,smart_sensor,US,2025-05-28,,True,7,30.63,15
B00000721,SMA-CA-0721,smart_sensor,CA,2025-01-22,,True,7,16.77,16
B00000722,SMA-FR-0722,smart_sensor,FR,2025-12-31,,True,14,36.27,14
B00000723,SMA-UK-0723,smart_sensor,UK,2025-06-28,,True,6,21.19,29
B00000724,SMA-ES-0724,smart_sensor,ES,2025-04-23,,True,7,22.19,23
B00000725,SMA-CA-0725,smart_sensor,CA,2025-10-10,,True,8,30.53,23
B00000726,SMA-DE-0726,smart_sensor,DE,2025-02-26,,True,7,30.14,25
B00000727,SMA-US-0727,smart_sensor,US,2025-02-02,,True,11,25.82,29
B00000728,SMA-US-0728,smart_sensor,US,2025-07-16,,True,8,20.14,13
B00000729,SMA-DE-0729,smart_sensor,DE,2025-10-16,,True,12,34.62,24
B00000730,SMA-US-0730,smart_sensor,US,2025-08-03,,True,12,34.52,25
B00000731,SMA-UK-0731,smart_sensor,UK,2025-09-05,,True,14,38.53,29
B00000732,SMA-IT-0732,smart_sensor,IT,2025-12-31,,True,14,19.48,21
B00000733,SMA-US-0733,smart_sensor,US,2025-11-21,,True,11,33.45,20
B00000734,SMA-UK-0734,smart_sensor,UK,2025-08-07,,True,7,24.94,28
B00000735,SMA-UK-0735,smart_sensor,UK,2025-09-23,,True,7,27.08,13
B00000736,SMA-US-0736,smart_sensor,US,2025-05-04,,True,6,32.24,21
B00000737,SMA-US-0737,smart_sensor,US,2025-10-22,,True,7,38.79,26
B00000738,SMA-US-0738,smart_sensor,US,2025-05-28,,True,5,26.45,23
B00000739,SMA-US-0739,smart_sensor,US,2025-11-18,,True,8,32.59,13
B00000740,SMA-DE-0740,smart_sensor,DE,2025-10-10,,True,11,26.27,21
B00000741,SMA-FR-0741,smart_sensor,FR,2025-11-22,,True,7,28.14,20
B00000742,SMA-US-0742,smart_sensor,US,2025-09-15,,True,5,38.67,15
B00000743,SMA-DE-0743,smart_sensor,DE,2025-09-23,,True,14,20.33,26
B00000744,ACC-US-0744,accessory,US,2025-12-31,,True,378,16.41,15
B00000745,ACC-ES-0745,accessory,ES,2025-10-11,,True,356,8.18,12
B00000746,ACC-DE-0746,accessory,DE,2025-11-01,,True,440,13.4,20
B00000747,ACC-UK-0747,accessory,UK,2025-03-14,,True,391,15.41,24
B00000748,ACC-US-0748,accessory,US,2025-09-19,,True,337,15.98,27
B00000749,ACC-US-0749,accessory,US,2025-10-10,,True,393,9.11,29
B00000750,ACC-US-0750,accessory,US,2025-05-07,,True,87,11.1,26
B00000751,ACC-CA-0751,accessory,CA,2025-03-14,,True,113,14.56,28
B00000752,ACC-US-0752,accessory,US,2025-07-31,,True,61,9.1,24
B00000753,ACC-US-0753,accessory,US,2025-05-31,,True,41,16.86,26
B00000754,ACC-CA-0754,accessory,CA,2025-03-04,,True,69,10.57,12
B00000755,ACC-UK-0755,accessory,UK,2025-10-17,,True,86,12.26,19
B00000756,ACC-US-0756,accessory,US,2025-11-14,,True,48,16.07,12
B00000757,ACC-US-0757,accessory,US,2025-10-31,,True,82,18.62,21
B00000758,ACC-US-0758,accessory,US,2025-06-13,,True,83,17.44,24
B00000759,ACC-US-0759,accessory,US,2025-12-24,,True,148,11.04,12
B00000760,ACC-DE-0760,accessory,DE,2025-09-21,,True,141,12.45,25
B00000761,ACC-UK-0761,accessory,UK,2025-12-31,,True,19,14.46,22
B00000762,ACC-DE-0762,accessory,DE,2025-10-11,,True,30,18.74,12
B00000763,ACC-US-0763,accessory,US,2025-02-25,,True,18,15.56,13
B00000764,ACC-US-0764,accessory,US,2025-07-07,,True,24,13.13,17
B00000765,ACC-ES-0765,accessory,ES,2025-09-09,,True,13,19.24,22
B00000766,ACC-US-0766,accessory,US,2025-12-20,,True,17,15.19,22
B00000767,ACC-DE-0767,accessory,DE,2025-08-02,,True,25,8.67,18
B00000768,ACC-US-0768,accessory,US,2025-11-20,,True,31,11.37,26
B00000769,ACC-CA-0769,accessory,CA,2025-08-30,,True,15,19.09,12
B00000770,ACC-UK-0770,accessory,UK,2025-05-13,,True,30,10.23,28
B00000771,ACC-US-0771,accessory,US,2025-04-19,,True,15,16.22,26
B00000772,ACC-US-0772,accessory,US,2025-03-10,,True,18,11.72,12
B00000773,ACC-UK-0773,accessory,UK,2025-11-08,,True,21,14.43,21
B00000774,ACC-UK-0774,accessory,UK,2025-11-15,,True,37,11.69,24
B00000775,ACC-US-0775,accessory,US,2025-12-18,,True,21,11.92,16
B00000776,ACC-CA-0776,accessory,CA,2025-12-28,,True,20,10.78,18
B00000777,ACC-IT-0777,accessory,IT,2025-11-13,,True,35,8.93,20
B00000778,ACC-US-0778,accessory,US,2025-02-08,,True,30,18.31,20
B00000779,ACC-US-0779,accessory,US,2025-03-17,,True,24,16.98,27
B00000780,ACC-FR-0780,accessory,FR,2025-08-02,,True,30,9.92,20
B00000781,ACC-US-0781,accessory,US,2025-05-21,,True,25,12.62,25
B00000782,ACC-DE-0782,accessory,DE,2025-02-14,,True,36,16.89,28
B00000783,ACC-US-0783,accessory,US,2025-05-14,,True,16,14.18,23
B00000784,ACC-US-0784,accessory,US,2025-10-16,,True,32,12.97,28
B00000785,ACC-FR-0785,accessory,FR,2025-05-02,,True,28,15.62,21
B00000786,ACC-CA-0786,accessory,CA,2025-06-11,,True,20,10.54,20
B00000787,ACC-US-0787,accessory,US,2025-06-16,,True,18,12.69,26
B00000788,ACC-UK-0788,accessory,UK,2025-12-31,,True,23,19.83,19
B00000789,ACC-US-0789,accessory,US,2025-10-16,,True,31,14.49,12
B00000790,ACC-ES-0790,accessory,ES,2025-06-24,,True,26,10.06,21
B00000791,ACC-US-0791,accessory,US,2025-05-21,,True,26,15.58,12
B00000792,ACC-FR-0792,accessory,FR,2025-07-24,,True,15,15.27,27
B00000793,ACC-FR-0793,accessory,FR,2025-10-22,,True,22,10.48,28
B00000794,ACC-US-0794,accessory,US,2025-11-01,,True,26,10.45,14
B00000795,ACC-DE-0795,accessory,DE,2025-11-05,,True,34,8.22,12
B00000796,ACC-US-0796,accessory,US,2025-01-25,,True,29,14.73,14
B00000797,ACC-ES-0797,accessory,ES,2025-10-09,,True,32,8.12,27
B00000798,ACC-US-0798,accessory,US,2025-04-30,,True,36,13.58,12
B00000799,ACC-FR-0799,accessory,FR,2025-12-30,,True,26,14.38,20
